Workbook
Name DBR: Calculator!$F$2
Name HPE: Calculator!$I$2
Name MBR: Calculator!$C$2
Name ND: Calculator!$L$2
Name NDP: Calculator!#REF!
Name Salary: Calculator!$C$2

Sheet Daily Time Record
B1: Date | C1: Month | D1: Day Status | E1: Attendance Status | F1: Rest Day? | G1: Work Hours | H1: Late | I1: Undertime | J1: Overtime | K1: Night Differential | L1: Night Differential OT | M1: Multiplier | N1: Multiplier OT | O1: Daily Salary | Q1: Cutoff Salary
A2: FEBRUARY | B2: 46070 | C2: February | D2: =_xlfn.XLOOKUP(B2,'Holidays 2026'!$A$2:$A$27,'Holidays 2026'!$G$2:$G$27,"Regular",0,1) -> Special Working Holiday | E2: Worked | F2: =IF(OR(TEXT(B2,"dddd")="Saturday",TEXT(B2,"dddd")="Sunday"),"Yes","No") -> No | G2: {=_xlfn.IFS(OR(E2="Worked",E2="Approved Sick Leave",E2="Approved Vacation Leave",E2="Holiday"),8,E2="","",OR(E2="Absent",E2="Rest Day",E2="Sick Leave Without Pay",E2="Vacation Leave Without Pay"),0)} -> 8 | H2: 0 | I2: 0 | J2: 2 | K2: =IF(E2="Rest Day",0,"7") -> 7 | M2: {=_xlfn.IFS( OR(E2="Absent", E2="Sick Leave Without Pay", E2="Vacation Leave Without Pay", E2="Rest Day"), 0, OR(E2="Approved Sick Leave", E2="Approved Vacation Leave"), 1, D2="Regular Non-Working Holiday", IF(E2="Worked", IF(F2="Yes",2.6,2), 1), D2="Regular Working Holiday", IF(E2="Worked", IF(F2="Yes",2.6,2), 1), D2="Special Non-Working Holiday", IF(E2="Worked", IF(F2="Yes",1.5,1.3), 0), D2="Special Working Holiday", 1, D2="Regular", IF(F2="Yes", IF(E2="Worked",1.3,0), IF(E2="Worked",1,0) ) )} -> 1 | N2: {=_xlfn.IFS( F2="No", _xlfn.IFS( D2="Regular", 1.25, OR(D2="Special Working Holiday", D2="Special Non-Working Holiday"), 1.3*1.3, OR(D2="Regular Working Holiday", D2="Regular Non-Working Holiday"), 2*1.3 ), F2="Yes", _xlfn.IFS( D2="Regular", 1.3*1.3, OR(D2="Special Working Holiday", D2="Special Non-Working Holiday"), 1.5*1.3, OR(D2="Regular Working Holiday", D2="Regular Non-Working Holiday"), 2.6*1.3 ) )} -> 1.69 | O2: =IF(E2<>"",(G2*HPE*M2)+(N2*HPE*J2)+(K2*ND),"") -> 1110.8046 | P2: Start | Q2: {=IF(P2="Payday",LOOKUP(2,1/((#REF!=#REF!)*(P$2:P2="Cut-off")),#REF!),"")}
B3: 46071 | C3: February | D3: =_xlfn.XLOOKUP(B3,'Holidays 2026'!$A$2:$A$27,'Holidays 2026'!$G$2:$G$27,"Regular",0,1) -> Regular | E3: Worked | F3: =IF(OR(TEXT(B3,"dddd")="Saturday",TEXT(B3,"dddd")="Sunday"),"Yes","No") -> No | G3: {=_xlfn.IFS(OR(E3="Worked",E3="Approved Sick Leave",E3="Approved Vacation Leave",E3="Holiday"),8,E3="","",OR(E3="Absent",E3="Rest Day",E3="Sick Leave Without Pay",E3="Vacation Leave Without Pay"),0)} -> 8 | H3: 0 | I3: 0 | J3: 0 | K3: =IF(E3="Rest Day",0,"7") -> 7 | M3: {=_xlfn.IFS( OR(E3="Absent", E3="Sick Leave Without Pay", E3="Vacation Leave Without Pay", E3="Rest Day"), 0, OR(E3="Approved Sick Leave", E3="Approved Vacation Leave"), 1, D3="Regular Non-Working Holiday", IF(E3="Worked", IF(F3="Yes",2.6,2), 1), D3="Regular Working Holiday", IF(E3="Worked", IF(F3="Yes",2.6,2), 1), D3="Special Non-Working Holiday", IF(E3="Worked", IF(F3="Yes",1.5,1.3), 0), D3="Special Working Holiday", 1, D3="Regular", IF(F3="Yes", IF(E3="Worked",1.3,0), IF(E3="Worked",1,0) ) )} -> 1 | N3: {=_xlfn.IFS( F3="No", _xlfn.IFS( D3="Regular", 1.25, OR(D3="Special Working Holiday", D3="Special Non-Working Holiday"), 1.3*1.3, OR(D3="Regular Working Holiday", D3="Regular Non-Working Holiday"), 2*1.3 ), F3="Yes", _xlfn.IFS( D3="Regular", 1.3*1.3, OR(D3="Special Working Holiday", D3="Special Non-Working Holiday"), 1.5*1.3, OR(D3="Regular Working Holiday", D3="Regular Non-Working Holiday"), 2.6*1.3 ) )} -> 1.25 | O3: =IF(E3<>"",(G3*HPE*M3)+(N3*HPE*J3)+(K3*ND),"") -> 800 | P3: {=_xlfn.IFS( OR(DAY(B3)=5, DAY(B3)=20), "Cut-off", OR( DAY(B3)=15, DAY(B3)=DAY(EOMONTH(B3,0)) ), "Payday", TRUE, "" )}
B4: 46072 | C4: February | D4: =_xlfn.XLOOKUP(B4,'Holidays 2026'!$A$2:$A$27,'Holidays 2026'!$G$2:$G$27,"Regular",0,1) -> Regular | E4: Worked | F4: =IF(OR(TEXT(B4,"dddd")="Saturday",TEXT(B4,"dddd")="Sunday"),"Yes","No") -> No | G4: {=_xlfn.IFS(OR(E4="Worked",E4="Approved Sick Leave",E4="Approved Vacation Leave",E4="Holiday"),8,E4="","",OR(E4="Absent",E4="Rest Day",E4="Sick Leave Without Pay",E4="Vacation Leave Without Pay"),0)} -> 8 | H4: 0 | I4: 0 | J4: 0 | K4: =IF(E4="Rest Day",0,"7") -> 7 | M4: {=_xlfn.IFS( OR(E4="Absent", E4="Sick Leave Without Pay", E4="Vacation Leave Without Pay", E4="Rest Day"), 0, OR(E4="Approved Sick Leave", E4="Approved Vacation Leave"), 1, D4="Regular Non-Working Holiday", IF(E4="Worked", IF(F4="Yes",2.6,2), 1), D4="Regular Working Holiday", IF(E4="Worked", IF(F4="Yes",2.6,2), 1), D4="Special Non-Working Holiday", IF(E4="Worked", IF(F4="Yes",1.5,1.3), 0), D4="Special Working Holiday", 1, D4="Regular", IF(F4="Yes", IF(E4="Worked",1.3,0), IF(E4="Worked",1,0) ) )} -> 1 | N4: {=_xlfn.IFS( F4="No", _xlfn.IFS( D4="Regular", 1.25, OR(D4="Special Working Holiday", D4="Special Non-Working Holiday"), 1.3*1.3, OR(D4="Regular Working Holiday", D4="Regular Non-Working Holiday"), 2*1.3 ), F4="Yes", _xlfn.IFS( D4="Regular", 1.3*1.3, OR(D4="Special Working Holiday", D4="Special Non-Working Holiday"), 1.5*1.3, OR(D4="Regular Working Holiday", D4="Regular Non-Working Holiday"), 2.6*1.3 ) )} -> 1.25 | O4: =IF(E4<>"",(G4*HPE*M4)+(N4*HPE*J4)+(K4*ND),"") -> 800 | P4: {=_xlfn.IFS( OR(DAY(B4)=5, DAY(B4)=20), "Cut-off", OR( DAY(B4)=15, DAY(B4)=DAY(EOMONTH(B4,0)) ), "Payday", TRUE, "" )}
B5: 46073 | C5: February | D5: =_xlfn.XLOOKUP(B5,'Holidays 2026'!$A$2:$A$27,'Holidays 2026'!$G$2:$G$27,"Regular",0,1) -> Regular | E5: Worked | F5: =IF(OR(TEXT(B5,"dddd")="Saturday",TEXT(B5,"dddd")="Sunday"),"Yes","No") -> No | G5: {=_xlfn.IFS(OR(E5="Worked",E5="Approved Sick Leave",E5="Approved Vacation Leave",E5="Holiday"),8,E5="","",OR(E5="Absent",E5="Rest Day",E5="Sick Leave Without Pay",E5="Vacation Leave Without Pay"),0)} -> 8 | H5: 0 | I5: 0 | J5: 0 | K5: =IF(E5="Rest Day",0,"7") -> 7 | M5: {=_xlfn.IFS( OR(E5="Absent", E5="Sick Leave Without Pay", E5="Vacation Leave Without Pay", E5="Rest Day"), 0, OR(E5="Approved Sick Leave", E5="Approved Vacation Leave"), 1, D5="Regular Non-Working Holiday", IF(E5="Worked", IF(F5="Yes",2.6,2), 1), D5="Regular Working Holiday", IF(E5="Worked", IF(F5="Yes",2.6,2), 1), D5="Special Non-Working Holiday", IF(E5="Worked", IF(F5="Yes",1.5,1.3), 0), D5="Special Working Holiday", 1, D5="Regular", IF(F5="Yes", IF(E5="Worked",1.3,0), IF(E5="Worked",1,0) ) )} -> 1 | N5: {=_xlfn.IFS( F5="No", _xlfn.IFS( D5="Regular", 1.25, OR(D5="Special Working Holiday", D5="Special Non-Working Holiday"), 1.3*1.3, OR(D5="Regular Working Holiday", D5="Regular Non-Working Holiday"), 2*1.3 ), F5="Yes", _xlfn.IFS( D5="Regular", 1.3*1.3, OR(D5="Special Working Holiday", D5="Special Non-Working Holiday"), 1.5*1.3, OR(D5="Regular Working Holiday", D5="Regular Non-Working Holiday"), 2.6*1.3 ) )} -> 1.25 | O5: =IF(E5<>"",(G5*HPE*M5)+(N5*HPE*J5)+(K5*ND),"") -> 800 | P5: {=_xlfn.IFS( OR(DAY(B5)=5, DAY(B5)=20), "Cut-off", OR(DAY(B5)=6, DAY(B5)=21), "Start", OR( DAY(B5)=15, DAY(B5)=30, AND(MONTH(B5)=2,DAY(B5)=DAY(EOMONTH(B5,0))) ), "Payday", TRUE, "" )} -> Cut-off
B6: 46074 | C6: February | D6: =_xlfn.XLOOKUP(B6,'Holidays 2026'!$A$2:$A$27,'Holidays 2026'!$G$2:$G$27,"Regular",0,1) -> Regular | E6: Rest Day | F6: =IF(OR(TEXT(B6,"dddd")="Saturday",TEXT(B6,"dddd")="Sunday"),"Yes","No") -> Yes | G6: {=_xlfn.IFS(OR(E6="Worked",E6="Approved Sick Leave",E6="Approved Vacation Leave",E6="Holiday"),8,E6="","",OR(E6="Absent",E6="Rest Day",E6="Sick Leave Without Pay",E6="Vacation Leave Without Pay"),0)} -> 0 | H6: 0 | I6: 0 | J6: 0 | K6: =IF(E6="Rest Day",0,"7") -> 0 | M6: {=_xlfn.IFS( OR(E6="Absent", E6="Sick Leave Without Pay", E6="Vacation Leave Without Pay", E6="Rest Day"), 0, OR(E6="Approved Sick Leave", E6="Approved Vacation Leave"), 1, D6="Regular Non-Working Holiday", IF(E6="Worked", IF(F6="Yes",2.6,2), 1), D6="Regular Working Holiday", IF(E6="Worked", IF(F6="Yes",2.6,2), 1), D6="Special Non-Working Holiday", IF(E6="Worked", IF(F6="Yes",1.5,1.3), 0), D6="Special Working Holiday", 1, D6="Regular", IF(F6="Yes", IF(E6="Worked",1.3,0), IF(E6="Worked",1,0) ) )} -> 0 | N6: {=_xlfn.IFS( F6="No", _xlfn.IFS( D6="Regular", 1.25, OR(D6="Special Working Holiday", D6="Special Non-Working Holiday"), 1.3*1.3, OR(D6="Regular Working Holiday", D6="Regular Non-Working Holiday"), 2*1.3 ), F6="Yes", _xlfn.IFS( D6="Regular", 1.3*1.3, OR(D6="Special Working Holiday", D6="Special Non-Working Holiday"), 1.5*1.3, OR(D6="Regular Working Holiday", D6="Regular Non-Working Holiday"), 2.6*1.3 ) )} -> 1.69 | O6: =IF(E6<>"",(G6*HPE*M6)+(N6*HPE*J6)+(K6*ND),"") -> 0 | P6: {=_xlfn.IFS( OR(DAY(B6)=5, DAY(B6)=20), "Cut-off", OR(DAY(B6)=6, DAY(B6)=21), "Start", OR( DAY(B6)=15, DAY(B6)=30, AND(MONTH(B6)=2,DAY(B6)=DAY(EOMONTH(B6,0))) ), "Payday", TRUE, "" )} -> Start
B7: 46075 | C7: February | D7: =_xlfn.XLOOKUP(B7,'Holidays 2026'!$A$2:$A$27,'Holidays 2026'!$G$2:$G$27,"Regular",0,1) -> Regular | E7: Rest Day | F7: =IF(OR(TEXT(B7,"dddd")="Saturday",TEXT(B7,"dddd")="Sunday"),"Yes","No") -> Yes | G7: {=_xlfn.IFS(OR(E7="Worked",E7="Approved Sick Leave",E7="Approved Vacation Leave",E7="Holiday"),8,E7="","",OR(E7="Absent",E7="Rest Day",E7="Sick Leave Without Pay",E7="Vacation Leave Without Pay"),0)} -> 0 | H7: 0 | I7: 0 | J7: 0 | K7: =IF(E7="Rest Day",0,"7") -> 0 | M7: {=_xlfn.IFS( OR(E7="Absent", E7="Sick Leave Without Pay", E7="Vacation Leave Without Pay", E7="Rest Day"), 0, OR(E7="Approved Sick Leave", E7="Approved Vacation Leave"), 1, D7="Regular Non-Working Holiday", IF(E7="Worked", IF(F7="Yes",2.6,2), 1), D7="Regular Working Holiday", IF(E7="Worked", IF(F7="Yes",2.6,2), 1), D7="Special Non-Working Holiday", IF(E7="Worked", IF(F7="Yes",1.5,1.3), 0), D7="Special Working Holiday", 1, D7="Regular", IF(F7="Yes", IF(E7="Worked",1.3,0), IF(E7="Worked",1,0) ) )} -> 0 | N7: {=_xlfn.IFS( F7="No", _xlfn.IFS( D7="Regular", 1.25, OR(D7="Special Working Holiday", D7="Special Non-Working Holiday"), 1.3*1.3, OR(D7="Regular Working Holiday", D7="Regular Non-Working Holiday"), 2*1.3 ), F7="Yes", _xlfn.IFS( D7="Regular", 1.3*1.3, OR(D7="Special Working Holiday", D7="Special Non-Working Holiday"), 1.5*1.3, OR(D7="Regular Working Holiday", D7="Regular Non-Working Holiday"), 2.6*1.3 ) )} -> 1.69 | O7: =IF(E7<>"",(G7*HPE*M7)+(N7*HPE*J7)+(K7*ND),"") -> 0 | P7: {=_xlfn.IFS( OR(DAY(B7)=5, DAY(B7)=20), "Cut-off", OR(DAY(B7)=6, DAY(B7)=21), "Start", OR( DAY(B7)=15, DAY(B7)=30, AND(MONTH(B7)=2,DAY(B7)=DAY(EOMONTH(B7,0))) ), "Payday", TRUE, "" )}
B8: 46076 | C8: February | D8: =_xlfn.XLOOKUP(B8,'Holidays 2026'!$A$2:$A$27,'Holidays 2026'!$G$2:$G$27,"Regular",0,1) -> Regular | E8: Worked | F8: =IF(OR(TEXT(B8,"dddd")="Saturday",TEXT(B8,"dddd")="Sunday"),"Yes","No") -> No | G8: {=_xlfn.IFS(OR(E8="Worked",E8="Approved Sick Leave",E8="Approved Vacation Leave",E8="Holiday"),8,E8="","",OR(E8="Absent",E8="Rest Day",E8="Sick Leave Without Pay",E8="Vacation Leave Without Pay"),0)} -> 8 | H8: 0 | I8: 0 | J8: 0 | K8: =IF(E8="Rest Day",0,"7") -> 7 | M8: {=_xlfn.IFS( OR(E8="Absent", E8="Sick Leave Without Pay", E8="Vacation Leave Without Pay", E8="Rest Day"), 0, OR(E8="Approved Sick Leave", E8="Approved Vacation Leave"), 1, D8="Regular Non-Working Holiday", IF(E8="Worked", IF(F8="Yes",2.6,2), 1), D8="Regular Working Holiday", IF(E8="Worked", IF(F8="Yes",2.6,2), 1), D8="Special Non-Working Holiday", IF(E8="Worked", IF(F8="Yes",1.5,1.3), 0), D8="Special Working Holiday", 1, D8="Regular", IF(F8="Yes", IF(E8="Worked",1.3,0), IF(E8="Worked",1,0) ) )} -> 1 | N8: {=_xlfn.IFS( F8="No", _xlfn.IFS( D8="Regular", 1.25, OR(D8="Special Working Holiday", D8="Special Non-Working Holiday"), 1.3*1.3, OR(D8="Regular Working Holiday", D8="Regular Non-Working Holiday"), 2*1.3 ), F8="Yes", _xlfn.IFS( D8="Regular", 1.3*1.3, OR(D8="Special Working Holiday", D8="Special Non-Working Holiday"), 1.5*1.3, OR(D8="Regular Working Holiday", D8="Regular Non-Working Holiday"), 2.6*1.3 ) )} -> 1.25 | O8: =IF(E8<>"",(G8*HPE*M8)+(N8*HPE*J8)+(K8*ND),"") -> 800 | P8: {=_xlfn.IFS( OR(DAY(B8)=5, DAY(B8)=20), "Cut-off", OR(DAY(B8)=6, DAY(B8)=21), "Start", OR( DAY(B8)=15, DAY(B8)=30, AND(MONTH(B8)=2,DAY(B8)=DAY(EOMONTH(B8,0))) ), "Payday", TRUE, "" )}
B9: 46077 | C9: February | D9: =_xlfn.XLOOKUP(B9,'Holidays 2026'!$A$2:$A$27,'Holidays 2026'!$G$2:$G$27,"Regular",0,1) -> Regular | E9: Worked | F9: =IF(OR(TEXT(B9,"dddd")="Saturday",TEXT(B9,"dddd")="Sunday"),"Yes","No") -> No | G9: {=_xlfn.IFS(OR(E9="Worked",E9="Approved Sick Leave",E9="Approved Vacation Leave",E9="Holiday"),8,E9="","",OR(E9="Absent",E9="Rest Day",E9="Sick Leave Without Pay",E9="Vacation Leave Without Pay"),0)} -> 8 | H9: 0 | I9: 0 | J9: 0 | K9: =IF(E9="Rest Day",0,"7") -> 7 | M9: {=_xlfn.IFS( OR(E9="Absent", E9="Sick Leave Without Pay", E9="Vacation Leave Without Pay", E9="Rest Day"), 0, OR(E9="Approved Sick Leave", E9="Approved Vacation Leave"), 1, D9="Regular Non-Working Holiday", IF(E9="Worked", IF(F9="Yes",2.6,2), 1), D9="Regular Working Holiday", IF(E9="Worked", IF(F9="Yes",2.6,2), 1), D9="Special Non-Working Holiday", IF(E9="Worked", IF(F9="Yes",1.5,1.3), 0), D9="Special Working Holiday", 1, D9="Regular", IF(F9="Yes", IF(E9="Worked",1.3,0), IF(E9="Worked",1,0) ) )} -> 1 | N9: {=_xlfn.IFS( F9="No", _xlfn.IFS( D9="Regular", 1.25, OR(D9="Special Working Holiday", D9="Special Non-Working Holiday"), 1.3*1.3, OR(D9="Regular Working Holiday", D9="Regular Non-Working Holiday"), 2*1.3 ), F9="Yes", _xlfn.IFS( D9="Regular", 1.3*1.3, OR(D9="Special Working Holiday", D9="Special Non-Working Holiday"), 1.5*1.3, OR(D9="Regular Working Holiday", D9="Regular Non-Working Holiday"), 2.6*1.3 ) )} -> 1.25 | O9: =IF(E9<>"",(G9*HPE*M9)+(N9*HPE*J9)+(K9*ND),"") -> 800 | P9: {=_xlfn.IFS( OR(DAY(B9)=5, DAY(B9)=20), "Cut-off", OR(DAY(B9)=6, DAY(B9)=21), "Start", OR( DAY(B9)=15, DAY(B9)=30, AND(MONTH(B9)=2,DAY(B9)=DAY(EOMONTH(B9,0))) ), "Payday", TRUE, "" )}
B10: 46078 | C10: February | D10: =_xlfn.XLOOKUP(B10,'Holidays 2026'!$A$2:$A$27,'Holidays 2026'!$G$2:$G$27,"Regular",0,1) -> Regular | E10: Worked | F10: =IF(OR(TEXT(B10,"dddd")="Saturday",TEXT(B10,"dddd")="Sunday"),"Yes","No") -> No | G10: {=_xlfn.IFS(OR(E10="Worked",E10="Approved Sick Leave",E10="Approved Vacation Leave",E10="Holiday"),8,E10="","",OR(E10="Absent",E10="Rest Day",E10="Sick Leave Without Pay",E10="Vacation Leave Without Pay"),0)} -> 8 | H10: 0 | I10: 0 | J10: 0 | K10: =IF(E10="Rest Day",0,"7") -> 7 | M10: {=_xlfn.IFS( OR(E10="Absent", E10="Sick Leave Without Pay", E10="Vacation Leave Without Pay", E10="Rest Day"), 0, OR(E10="Approved Sick Leave", E10="Approved Vacation Leave"), 1, D10="Regular Non-Working Holiday", IF(E10="Worked", IF(F10="Yes",2.6,2), 1), D10="Regular Working Holiday", IF(E10="Worked", IF(F10="Yes",2.6,2), 1), D10="Special Non-Working Holiday", IF(E10="Worked", IF(F10="Yes",1.5,1.3), 0), D10="Special Working Holiday", 1, D10="Regular", IF(F10="Yes", IF(E10="Worked",1.3,0), IF(E10="Worked",1,0) ) )} -> 1 | N10: {=_xlfn.IFS( F10="No", _xlfn.IFS( D10="Regular", 1.25, OR(D10="Special Working Holiday", D10="Special Non-Working Holiday"), 1.3*1.3, OR(D10="Regular Working Holiday", D10="Regular Non-Working Holiday"), 2*1.3 ), F10="Yes", _xlfn.IFS( D10="Regular", 1.3*1.3, OR(D10="Special Working Holiday", D10="Special Non-Working Holiday"), 1.5*1.3, OR(D10="Regular Working Holiday", D10="Regular Non-Working Holiday"), 2.6*1.3 ) )} -> 1.25 | O10: =IF(E10<>"",(G10*HPE*M10)+(N10*HPE*J10)+(K10*ND),"") -> 800 | P10: {=_xlfn.IFS( OR(DAY(B10)=5, DAY(B10)=20), "Cut-off", OR(DAY(B10)=6, DAY(B10)=21), "Start", OR( DAY(B10)=15, DAY(B10)=30, AND(MONTH(B10)=2,DAY(B10)=DAY(EOMONTH(B10,0))) ), "Payday", TRUE, "" )}
B11: 46079 | C11: February | D11: =_xlfn.XLOOKUP(B11,'Holidays 2026'!$A$2:$A$27,'Holidays 2026'!$G$2:$G$27,"Regular",0,1) -> Regular | E11: Worked | F11: =IF(OR(TEXT(B11,"dddd")="Saturday",TEXT(B11,"dddd")="Sunday"),"Yes","No") -> No | G11: {=_xlfn.IFS(OR(E11="Worked",E11="Approved Sick Leave",E11="Approved Vacation Leave",E11="Holiday"),8,E11="","",OR(E11="Absent",E11="Rest Day",E11="Sick Leave Without Pay",E11="Vacation Leave Without Pay"),0)} -> 8 | H11: 0 | I11: 0 | J11: 0 | K11: =IF(E11="Rest Day",0,"7") -> 7 | M11: {=_xlfn.IFS( OR(E11="Absent", E11="Sick Leave Without Pay", E11="Vacation Leave Without Pay", E11="Rest Day"), 0, OR(E11="Approved Sick Leave", E11="Approved Vacation Leave"), 1, D11="Regular Non-Working Holiday", IF(E11="Worked", IF(F11="Yes",2.6,2), 1), D11="Regular Working Holiday", IF(E11="Worked", IF(F11="Yes",2.6,2), 1), D11="Special Non-Working Holiday", IF(E11="Worked", IF(F11="Yes",1.5,1.3), 0), D11="Special Working Holiday", 1, D11="Regular", IF(F11="Yes", IF(E11="Worked",1.3,0), IF(E11="Worked",1,0) ) )} -> 1 | N11: {=_xlfn.IFS( F11="No", _xlfn.IFS( D11="Regular", 1.25, OR(D11="Special Working Holiday", D11="Special Non-Working Holiday"), 1.3*1.3, OR(D11="Regular Working Holiday", D11="Regular Non-Working Holiday"), 2*1.3 ), F11="Yes", _xlfn.IFS( D11="Regular", 1.3*1.3, OR(D11="Special Working Holiday", D11="Special Non-Working Holiday"), 1.5*1.3, OR(D11="Regular Working Holiday", D11="Regular Non-Working Holiday"), 2.6*1.3 ) )} -> 1.25 | O11: =IF(E11<>"",(G11*HPE*M11)+(N11*HPE*J11)+(K11*ND),"") -> 800 | P11: {=_xlfn.IFS( OR(DAY(B11)=5, DAY(B11)=20), "Cut-off", OR(DAY(B11)=6, DAY(B11)=21), "Start", OR( DAY(B11)=15, DAY(B11)=30, AND(MONTH(B11)=2,DAY(B11)=DAY(EOMONTH(B11,0))) ), "Payday", TRUE, "" )}
B12: 46080 | C12: February | D12: =_xlfn.XLOOKUP(B12,'Holidays 2026'!$A$2:$A$27,'Holidays 2026'!$G$2:$G$27,"Regular",0,1) -> Regular | E12: Worked | F12: =IF(OR(TEXT(B12,"dddd")="Saturday",TEXT(B12,"dddd")="Sunday"),"Yes","No") -> No | G12: {=_xlfn.IFS(OR(E12="Worked",E12="Approved Sick Leave",E12="Approved Vacation Leave",E12="Holiday"),8,E12="","",OR(E12="Absent",E12="Rest Day",E12="Sick Leave Without Pay",E12="Vacation Leave Without Pay"),0)} -> 8 | H12: 0 | I12: 0 | J12: 0 | K12: =IF(E12="Rest Day",0,"7") -> 7 | M12: {=_xlfn.IFS( OR(E12="Absent", E12="Sick Leave Without Pay", E12="Vacation Leave Without Pay", E12="Rest Day"), 0, OR(E12="Approved Sick Leave", E12="Approved Vacation Leave"), 1, D12="Regular Non-Working Holiday", IF(E12="Worked", IF(F12="Yes",2.6,2), 1), D12="Regular Working Holiday", IF(E12="Worked", IF(F12="Yes",2.6,2), 1), D12="Special Non-Working Holiday", IF(E12="Worked", IF(F12="Yes",1.5,1.3), 0), D12="Special Working Holiday", 1, D12="Regular", IF(F12="Yes", IF(E12="Worked",1.3,0), IF(E12="Worked",1,0) ) )} -> 1 | N12: {=_xlfn.IFS( F12="No", _xlfn.IFS( D12="Regular", 1.25, OR(D12="Special Working Holiday", D12="Special Non-Working Holiday"), 1.3*1.3, OR(D12="Regular Working Holiday", D12="Regular Non-Working Holiday"), 2*1.3 ), F12="Yes", _xlfn.IFS( D12="Regular", 1.3*1.3, OR(D12="Special Working Holiday", D12="Special Non-Working Holiday"), 1.5*1.3, OR(D12="Regular Working Holiday", D12="Regular Non-Working Holiday"), 2.6*1.3 ) )} -> 1.25 | O12: =IF(E12<>"",(G12*HPE*M12)+(N12*HPE*J12)+(K12*ND),"") -> 800 | P12: {=_xlfn.IFS( OR(DAY(B12)=5, DAY(B12)=20), "Cut-off", OR(DAY(B12)=6, DAY(B12)=21), "Start", OR( DAY(B12)=15, DAY(B12)=30, AND(MONTH(B12)=2,DAY(B12)=DAY(EOMONTH(B12,0))) ), "Payday", TRUE, "" )}
B13: 46081 | C13: February | D13: =_xlfn.XLOOKUP(B13,'Holidays 2026'!$A$2:$A$27,'Holidays 2026'!$G$2:$G$27,"Regular",0,1) -> Regular | E13: Rest Day | F13: =IF(OR(TEXT(B13,"dddd")="Saturday",TEXT(B13,"dddd")="Sunday"),"Yes","No") -> Yes | G13: {=_xlfn.IFS(OR(E13="Worked",E13="Approved Sick Leave",E13="Approved Vacation Leave",E13="Holiday"),8,E13="","",OR(E13="Absent",E13="Rest Day",E13="Sick Leave Without Pay",E13="Vacation Leave Without Pay"),0)} -> 0 | H13: 0 | I13: 0 | J13: 0 | K13: =IF(E13="Rest Day",0,"7") -> 0 | M13: {=_xlfn.IFS( OR(E13="Absent", E13="Sick Leave Without Pay", E13="Vacation Leave Without Pay", E13="Rest Day"), 0, OR(E13="Approved Sick Leave", E13="Approved Vacation Leave"), 1, D13="Regular Non-Working Holiday", IF(E13="Worked", IF(F13="Yes",2.6,2), 1), D13="Regular Working Holiday", IF(E13="Worked", IF(F13="Yes",2.6,2), 1), D13="Special Non-Working Holiday", IF(E13="Worked", IF(F13="Yes",1.5,1.3), 0), D13="Special Working Holiday", 1, D13="Regular", IF(F13="Yes", IF(E13="Worked",1.3,0), IF(E13="Worked",1,0) ) )} -> 0 | N13: {=_xlfn.IFS( F13="No", _xlfn.IFS( D13="Regular", 1.25, OR(D13="Special Working Holiday", D13="Special Non-Working Holiday"), 1.3*1.3, OR(D13="Regular Working Holiday", D13="Regular Non-Working Holiday"), 2*1.3 ), F13="Yes", _xlfn.IFS( D13="Regular", 1.3*1.3, OR(D13="Special Working Holiday", D13="Special Non-Working Holiday"), 1.5*1.3, OR(D13="Regular Working Holiday", D13="Regular Non-Working Holiday"), 2.6*1.3 ) )} -> 1.69 | O13: =IF(E13<>"",(G13*HPE*M13)+(N13*HPE*J13)+(K13*ND),"") -> 0 | P13: {=_xlfn.IFS( OR(DAY(B13)=5, DAY(B13)=20), "Cut-off", OR(DAY(B13)=6, DAY(B13)=21), "Start", OR( DAY(B13)=15, DAY(B13)=30, AND(MONTH(B13)=2,DAY(B13)=DAY(EOMONTH(B13,0))) ), "Payday", TRUE, "" )} -> Payday | Q13: =SUM(O2:O5) -> 3510.8046
A14: MARCH | B14: 46082 | C14: March | D14: =_xlfn.XLOOKUP(B14,'Holidays 2026'!$A$2:$A$27,'Holidays 2026'!$G$2:$G$27,"Regular",0,1) -> Regular | E14: Rest Day | F14: =IF(OR(TEXT(B14,"dddd")="Saturday",TEXT(B14,"dddd")="Sunday"),"Yes","No") -> Yes | G14: {=_xlfn.IFS(OR(E14="Worked",E14="Approved Sick Leave",E14="Approved Vacation Leave",E14="Holiday"),8,E14="","",OR(E14="Absent",E14="Rest Day",E14="Sick Leave Without Pay",E14="Vacation Leave Without Pay"),0)} -> 0 | H14: 0 | I14: 0 | J14: 0 | K14: =IF(E14="Rest Day",0,"7") -> 0 | M14: {=_xlfn.IFS( OR(E14="Absent", E14="Sick Leave Without Pay", E14="Vacation Leave Without Pay", E14="Rest Day"), 0, OR(E14="Approved Sick Leave", E14="Approved Vacation Leave"), 1, D14="Regular Non-Working Holiday", IF(E14="Worked", IF(F14="Yes",2.6,2), 1), D14="Regular Working Holiday", IF(E14="Worked", IF(F14="Yes",2.6,2), 1), D14="Special Non-Working Holiday", IF(E14="Worked", IF(F14="Yes",1.5,1.3), 0), D14="Special Working Holiday", 1, D14="Regular", IF(F14="Yes", IF(E14="Worked",1.3,0), IF(E14="Worked",1,0) ) )} -> 0 | N14: {=_xlfn.IFS( F14="No", _xlfn.IFS( D14="Regular", 1.25, OR(D14="Special Working Holiday", D14="Special Non-Working Holiday"), 1.3*1.3, OR(D14="Regular Working Holiday", D14="Regular Non-Working Holiday"), 2*1.3 ), F14="Yes", _xlfn.IFS( D14="Regular", 1.3*1.3, OR(D14="Special Working Holiday", D14="Special Non-Working Holiday"), 1.5*1.3, OR(D14="Regular Working Holiday", D14="Regular Non-Working Holiday"), 2.6*1.3 ) )} -> 1.69 | O14: =IF(E14<>"",(G14*HPE*M14)+(N14*HPE*J14)+(K14*ND),"") -> 0 | P14: {=_xlfn.IFS( OR(DAY(B14)=5, DAY(B14)=20), "Cut-off", OR(DAY(B14)=6, DAY(B14)=21), "Start", OR( DAY(B14)=15, DAY(B14)=30, AND(MONTH(B14)=2,DAY(B14)=DAY(EOMONTH(B14,0))) ), "Payday", TRUE, "" )}
B15: 46083 | C15: March | D15: =_xlfn.XLOOKUP(B15,'Holidays 2026'!$A$2:$A$27,'Holidays 2026'!$G$2:$G$27,"Regular",0,1) -> Regular | E15: Worked | F15: =IF(OR(TEXT(B15,"dddd")="Saturday",TEXT(B15,"dddd")="Sunday"),"Yes","No") -> No | G15: {=_xlfn.IFS(OR(E15="Worked",E15="Approved Sick Leave",E15="Approved Vacation Leave",E15="Holiday"),8,E15="","",OR(E15="Absent",E15="Rest Day",E15="Sick Leave Without Pay",E15="Vacation Leave Without Pay"),0)} -> 8 | H15: 0 | I15: 0 | J15: 0 | K15: =IF(E15="Rest Day",0,"7") -> 7 | M15: {=_xlfn.IFS( OR(E15="Absent", E15="Sick Leave Without Pay", E15="Vacation Leave Without Pay", E15="Rest Day"), 0, OR(E15="Approved Sick Leave", E15="Approved Vacation Leave"), 1, D15="Regular Non-Working Holiday", IF(E15="Worked", IF(F15="Yes",2.6,2), 1), D15="Regular Working Holiday", IF(E15="Worked", IF(F15="Yes",2.6,2), 1), D15="Special Non-Working Holiday", IF(E15="Worked", IF(F15="Yes",1.5,1.3), 0), D15="Special Working Holiday", 1, D15="Regular", IF(F15="Yes", IF(E15="Worked",1.3,0), IF(E15="Worked",1,0) ) )} -> 1 | N15: {=_xlfn.IFS( F15="No", _xlfn.IFS( D15="Regular", 1.25, OR(D15="Special Working Holiday", D15="Special Non-Working Holiday"), 1.3*1.3, OR(D15="Regular Working Holiday", D15="Regular Non-Working Holiday"), 2*1.3 ), F15="Yes", _xlfn.IFS( D15="Regular", 1.3*1.3, OR(D15="Special Working Holiday", D15="Special Non-Working Holiday"), 1.5*1.3, OR(D15="Regular Working Holiday", D15="Regular Non-Working Holiday"), 2.6*1.3 ) )} -> 1.25 | O15: =IF(E15<>"",(G15*HPE*M15)+(N15*HPE*J15)+(K15*ND),"") -> 800 | P15: {=_xlfn.IFS( OR(DAY(B15)=5, DAY(B15)=20), "Cut-off", OR(DAY(B15)=6, DAY(B15)=21), "Start", OR( DAY(B15)=15, DAY(B15)=30, AND(MONTH(B15)=2,DAY(B15)=DAY(EOMONTH(B15,0))) ), "Payday", TRUE, "" )}
B16: 46084 | C16: March | D16: =_xlfn.XLOOKUP(B16,'Holidays 2026'!$A$2:$A$27,'Holidays 2026'!$G$2:$G$27,"Regular",0,1) -> Regular | E16: Worked | F16: =IF(OR(TEXT(B16,"dddd")="Saturday",TEXT(B16,"dddd")="Sunday"),"Yes","No") -> No | G16: {=_xlfn.IFS(OR(E16="Worked",E16="Approved Sick Leave",E16="Approved Vacation Leave",E16="Holiday"),8,E16="","",OR(E16="Absent",E16="Rest Day",E16="Sick Leave Without Pay",E16="Vacation Leave Without Pay"),0)} -> 8 | H16: 0 | I16: 0 | J16: 0 | K16: =IF(E16="Rest Day",0,"7") -> 7 | M16: {=_xlfn.IFS( OR(E16="Absent", E16="Sick Leave Without Pay", E16="Vacation Leave Without Pay", E16="Rest Day"), 0, OR(E16="Approved Sick Leave", E16="Approved Vacation Leave"), 1, D16="Regular Non-Working Holiday", IF(E16="Worked", IF(F16="Yes",2.6,2), 1), D16="Regular Working Holiday", IF(E16="Worked", IF(F16="Yes",2.6,2), 1), D16="Special Non-Working Holiday", IF(E16="Worked", IF(F16="Yes",1.5,1.3), 0), D16="Special Working Holiday", 1, D16="Regular", IF(F16="Yes", IF(E16="Worked",1.3,0), IF(E16="Worked",1,0) ) )} -> 1 | N16: {=_xlfn.IFS( F16="No", _xlfn.IFS( D16="Regular", 1.25, OR(D16="Special Working Holiday", D16="Special Non-Working Holiday"), 1.3*1.3, OR(D16="Regular Working Holiday", D16="Regular Non-Working Holiday"), 2*1.3 ), F16="Yes", _xlfn.IFS( D16="Regular", 1.3*1.3, OR(D16="Special Working Holiday", D16="Special Non-Working Holiday"), 1.5*1.3, OR(D16="Regular Working Holiday", D16="Regular Non-Working Holiday"), 2.6*1.3 ) )} -> 1.25 | O16: =IF(E16<>"",(G16*HPE*M16)+(N16*HPE*J16)+(K16*ND),"") -> 800 | P16: {=_xlfn.IFS( OR(DAY(B16)=5, DAY(B16)=20), "Cut-off", OR(DAY(B16)=6, DAY(B16)=21), "Start", OR( DAY(B16)=15, DAY(B16)=30, AND(MONTH(B16)=2,DAY(B16)=DAY(EOMONTH(B16,0))) ), "Payday", TRUE, "" )}
B17: 46085 | C17: March | D17: =_xlfn.XLOOKUP(B17,'Holidays 2026'!$A$2:$A$27,'Holidays 2026'!$G$2:$G$27,"Regular",0,1) -> Regular | E17: Worked | F17: =IF(OR(TEXT(B17,"dddd")="Saturday",TEXT(B17,"dddd")="Sunday"),"Yes","No") -> No | G17: {=_xlfn.IFS(OR(E17="Worked",E17="Approved Sick Leave",E17="Approved Vacation Leave",E17="Holiday"),8,E17="","",OR(E17="Absent",E17="Rest Day",E17="Sick Leave Without Pay",E17="Vacation Leave Without Pay"),0)} -> 8 | H17: 0 | I17: 0 | J17: 0 | K17: =IF(E17="Rest Day",0,"7") -> 7 | M17: {=_xlfn.IFS( OR(E17="Absent", E17="Sick Leave Without Pay", E17="Vacation Leave Without Pay", E17="Rest Day"), 0, OR(E17="Approved Sick Leave", E17="Approved Vacation Leave"), 1, D17="Regular Non-Working Holiday", IF(E17="Worked", IF(F17="Yes",2.6,2), 1), D17="Regular Working Holiday", IF(E17="Worked", IF(F17="Yes",2.6,2), 1), D17="Special Non-Working Holiday", IF(E17="Worked", IF(F17="Yes",1.5,1.3), 0), D17="Special Working Holiday", 1, D17="Regular", IF(F17="Yes", IF(E17="Worked",1.3,0), IF(E17="Worked",1,0) ) )} -> 1 | N17: {=_xlfn.IFS( F17="No", _xlfn.IFS( D17="Regular", 1.25, OR(D17="Special Working Holiday", D17="Special Non-Working Holiday"), 1.3*1.3, OR(D17="Regular Working Holiday", D17="Regular Non-Working Holiday"), 2*1.3 ), F17="Yes", _xlfn.IFS( D17="Regular", 1.3*1.3, OR(D17="Special Working Holiday", D17="Special Non-Working Holiday"), 1.5*1.3, OR(D17="Regular Working Holiday", D17="Regular Non-Working Holiday"), 2.6*1.3 ) )} -> 1.25 | O17: =IF(E17<>"",(G17*HPE*M17)+(N17*HPE*J17)+(K17*ND),"") -> 800 | P17: {=_xlfn.IFS( OR(DAY(B17)=5, DAY(B17)=20), "Cut-off", OR(DAY(B17)=6, DAY(B17)=21), "Start", OR( DAY(B17)=15, DAY(B17)=30, AND(MONTH(B17)=2,DAY(B17)=DAY(EOMONTH(B17,0))) ), "Payday", TRUE, "" )}
B18: 46086 | C18: March | D18: =_xlfn.XLOOKUP(B18,'Holidays 2026'!$A$2:$A$27,'Holidays 2026'!$G$2:$G$27,"Regular",0,1) -> Regular | E18: Worked | F18: =IF(OR(TEXT(B18,"dddd")="Saturday",TEXT(B18,"dddd")="Sunday"),"Yes","No") -> No | G18: {=_xlfn.IFS(OR(E18="Worked",E18="Approved Sick Leave",E18="Approved Vacation Leave",E18="Holiday"),8,E18="","",OR(E18="Absent",E18="Rest Day",E18="Sick Leave Without Pay",E18="Vacation Leave Without Pay"),0)} -> 8 | H18: 0 | I18: 0 | J18: 0 | K18: =IF(E18="Rest Day",0,"7") -> 7 | M18: {=_xlfn.IFS( OR(E18="Absent", E18="Sick Leave Without Pay", E18="Vacation Leave Without Pay", E18="Rest Day"), 0, OR(E18="Approved Sick Leave", E18="Approved Vacation Leave"), 1, D18="Regular Non-Working Holiday", IF(E18="Worked", IF(F18="Yes",2.6,2), 1), D18="Regular Working Holiday", IF(E18="Worked", IF(F18="Yes",2.6,2), 1), D18="Special Non-Working Holiday", IF(E18="Worked", IF(F18="Yes",1.5,1.3), 0), D18="Special Working Holiday", 1, D18="Regular", IF(F18="Yes", IF(E18="Worked",1.3,0), IF(E18="Worked",1,0) ) )} -> 1 | N18: {=_xlfn.IFS( F18="No", _xlfn.IFS( D18="Regular", 1.25, OR(D18="Special Working Holiday", D18="Special Non-Working Holiday"), 1.3*1.3, OR(D18="Regular Working Holiday", D18="Regular Non-Working Holiday"), 2*1.3 ), F18="Yes", _xlfn.IFS( D18="Regular", 1.3*1.3, OR(D18="Special Working Holiday", D18="Special Non-Working Holiday"), 1.5*1.3, OR(D18="Regular Working Holiday", D18="Regular Non-Working Holiday"), 2.6*1.3 ) )} -> 1.25 | O18: =IF(E18<>"",(G18*HPE*M18)+(N18*HPE*J18)+(K18*ND),"") -> 800 | P18: {=_xlfn.IFS( OR(DAY(B18)=5, DAY(B18)=20), "Cut-off", OR(DAY(B18)=6, DAY(B18)=21), "Start", OR( DAY(B18)=15, DAY(B18)=30, AND(MONTH(B18)=2,DAY(B18)=DAY(EOMONTH(B18,0))) ), "Payday", TRUE, "" )} -> Cut-off
B19: 46087 | C19: March | D19: =_xlfn.XLOOKUP(B19,'Holidays 2026'!$A$2:$A$27,'Holidays 2026'!$G$2:$G$27,"Regular",0,1) -> Regular | E19: Worked | F19: =IF(OR(TEXT(B19,"dddd")="Saturday",TEXT(B19,"dddd")="Sunday"),"Yes","No") -> No | G19: {=_xlfn.IFS(OR(E19="Worked",E19="Approved Sick Leave",E19="Approved Vacation Leave",E19="Holiday"),8,E19="","",OR(E19="Absent",E19="Rest Day",E19="Sick Leave Without Pay",E19="Vacation Leave Without Pay"),0)} -> 8 | H19: 0 | I19: 0 | J19: 0 | K19: =IF(E19="Rest Day",0,"7") -> 7 | M19: {=_xlfn.IFS( OR(E19="Absent", E19="Sick Leave Without Pay", E19="Vacation Leave Without Pay", E19="Rest Day"), 0, OR(E19="Approved Sick Leave", E19="Approved Vacation Leave"), 1, D19="Regular Non-Working Holiday", IF(E19="Worked", IF(F19="Yes",2.6,2), 1), D19="Regular Working Holiday", IF(E19="Worked", IF(F19="Yes",2.6,2), 1), D19="Special Non-Working Holiday", IF(E19="Worked", IF(F19="Yes",1.5,1.3), 0), D19="Special Working Holiday", 1, D19="Regular", IF(F19="Yes", IF(E19="Worked",1.3,0), IF(E19="Worked",1,0) ) )} -> 1 | N19: {=_xlfn.IFS( F19="No", _xlfn.IFS( D19="Regular", 1.25, OR(D19="Special Working Holiday", D19="Special Non-Working Holiday"), 1.3*1.3, OR(D19="Regular Working Holiday", D19="Regular Non-Working Holiday"), 2*1.3 ), F19="Yes", _xlfn.IFS( D19="Regular", 1.3*1.3, OR(D19="Special Working Holiday", D19="Special Non-Working Holiday"), 1.5*1.3, OR(D19="Regular Working Holiday", D19="Regular Non-Working Holiday"), 2.6*1.3 ) )} -> 1.25 | O19: =IF(E19<>"",(G19*HPE*M19)+(N19*HPE*J19)+(K19*ND),"") -> 800 | P19: {=_xlfn.IFS( OR(DAY(B19)=5, DAY(B19)=20), "Cut-off", OR(DAY(B19)=6, DAY(B19)=21), "Start", OR( DAY(B19)=15, DAY(B19)=30, AND(MONTH(B19)=2,DAY(B19)=DAY(EOMONTH(B19,0))) ), "Payday", TRUE, "" )} -> Start
B20: 46088 | C20: March | D20: =_xlfn.XLOOKUP(B20,'Holidays 2026'!$A$2:$A$27,'Holidays 2026'!$G$2:$G$27,"Regular",0,1) -> Regular | E20: Rest Day | F20: =IF(OR(TEXT(B20,"dddd")="Saturday",TEXT(B20,"dddd")="Sunday"),"Yes","No") -> Yes | G20: {=_xlfn.IFS(OR(E20="Worked",E20="Approved Sick Leave",E20="Approved Vacation Leave",E20="Holiday"),8,E20="","",OR(E20="Absent",E20="Rest Day",E20="Sick Leave Without Pay",E20="Vacation Leave Without Pay"),0)} -> 0 | H20: 0 | I20: 0 | J20: 0 | K20: =IF(E20="Rest Day",0,"7") -> 0 | M20: {=_xlfn.IFS( OR(E20="Absent", E20="Sick Leave Without Pay", E20="Vacation Leave Without Pay", E20="Rest Day"), 0, OR(E20="Approved Sick Leave", E20="Approved Vacation Leave"), 1, D20="Regular Non-Working Holiday", IF(E20="Worked", IF(F20="Yes",2.6,2), 1), D20="Regular Working Holiday", IF(E20="Worked", IF(F20="Yes",2.6,2), 1), D20="Special Non-Working Holiday", IF(E20="Worked", IF(F20="Yes",1.5,1.3), 0), D20="Special Working Holiday", 1, D20="Regular", IF(F20="Yes", IF(E20="Worked",1.3,0), IF(E20="Worked",1,0) ) )} -> 0 | N20: {=_xlfn.IFS( F20="No", _xlfn.IFS( D20="Regular", 1.25, OR(D20="Special Working Holiday", D20="Special Non-Working Holiday"), 1.3*1.3, OR(D20="Regular Working Holiday", D20="Regular Non-Working Holiday"), 2*1.3 ), F20="Yes", _xlfn.IFS( D20="Regular", 1.3*1.3, OR(D20="Special Working Holiday", D20="Special Non-Working Holiday"), 1.5*1.3, OR(D20="Regular Working Holiday", D20="Regular Non-Working Holiday"), 2.6*1.3 ) )} -> 1.69 | O20: =IF(E20<>"",(G20*HPE*M20)+(N20*HPE*J20)+(K20*ND),"") -> 0 | P20: {=_xlfn.IFS( OR(DAY(B20)=5, DAY(B20)=20), "Cut-off", OR(DAY(B20)=6, DAY(B20)=21), "Start", OR( DAY(B20)=15, DAY(B20)=30, AND(MONTH(B20)=2,DAY(B20)=DAY(EOMONTH(B20,0))) ), "Payday", TRUE, "" )}
B21: 46089 | C21: March | D21: =_xlfn.XLOOKUP(B21,'Holidays 2026'!$A$2:$A$27,'Holidays 2026'!$G$2:$G$27,"Regular",0,1) -> Regular | E21: Rest Day | F21: =IF(OR(TEXT(B21,"dddd")="Saturday",TEXT(B21,"dddd")="Sunday"),"Yes","No") -> Yes | G21: {=_xlfn.IFS(OR(E21="Worked",E21="Approved Sick Leave",E21="Approved Vacation Leave",E21="Holiday"),8,E21="","",OR(E21="Absent",E21="Rest Day",E21="Sick Leave Without Pay",E21="Vacation Leave Without Pay"),0)} -> 0 | H21: 0 | I21: 0 | J21: 0 | K21: =IF(E21="Rest Day",0,"7") -> 0 | M21: {=_xlfn.IFS( OR(E21="Absent", E21="Sick Leave Without Pay", E21="Vacation Leave Without Pay", E21="Rest Day"), 0, OR(E21="Approved Sick Leave", E21="Approved Vacation Leave"), 1, D21="Regular Non-Working Holiday", IF(E21="Worked", IF(F21="Yes",2.6,2), 1), D21="Regular Working Holiday", IF(E21="Worked", IF(F21="Yes",2.6,2), 1), D21="Special Non-Working Holiday", IF(E21="Worked", IF(F21="Yes",1.5,1.3), 0), D21="Special Working Holiday", 1, D21="Regular", IF(F21="Yes", IF(E21="Worked",1.3,0), IF(E21="Worked",1,0) ) )} -> 0 | N21: {=_xlfn.IFS( F21="No", _xlfn.IFS( D21="Regular", 1.25, OR(D21="Special Working Holiday", D21="Special Non-Working Holiday"), 1.3*1.3, OR(D21="Regular Working Holiday", D21="Regular Non-Working Holiday"), 2*1.3 ), F21="Yes", _xlfn.IFS( D21="Regular", 1.3*1.3, OR(D21="Special Working Holiday", D21="Special Non-Working Holiday"), 1.5*1.3, OR(D21="Regular Working Holiday", D21="Regular Non-Working Holiday"), 2.6*1.3 ) )} -> 1.69 | O21: =IF(E21<>"",(G21*HPE*M21)+(N21*HPE*J21)+(K21*ND),"") -> 0 | P21: {=_xlfn.IFS( OR(DAY(B21)=5, DAY(B21)=20), "Cut-off", OR(DAY(B21)=6, DAY(B21)=21), "Start", OR( DAY(B21)=15, DAY(B21)=30, AND(MONTH(B21)=2,DAY(B21)=DAY(EOMONTH(B21,0))) ), "Payday", TRUE, "" )}
B22: 46090 | C22: March | D22: =_xlfn.XLOOKUP(B22,'Holidays 2026'!$A$2:$A$27,'Holidays 2026'!$G$2:$G$27,"Regular",0,1) -> Regular | E22: Worked | F22: =IF(OR(TEXT(B22,"dddd")="Saturday",TEXT(B22,"dddd")="Sunday"),"Yes","No") -> No | G22: {=_xlfn.IFS(OR(E22="Worked",E22="Approved Sick Leave",E22="Approved Vacation Leave",E22="Holiday"),8,E22="","",OR(E22="Absent",E22="Rest Day",E22="Sick Leave Without Pay",E22="Vacation Leave Without Pay"),0)} -> 8 | H22: 0 | I22: 0 | J22: 0 | K22: =IF(E22="Rest Day",0,"7") -> 7 | M22: {=_xlfn.IFS( OR(E22="Absent", E22="Sick Leave Without Pay", E22="Vacation Leave Without Pay", E22="Rest Day"), 0, OR(E22="Approved Sick Leave", E22="Approved Vacation Leave"), 1, D22="Regular Non-Working Holiday", IF(E22="Worked", IF(F22="Yes",2.6,2), 1), D22="Regular Working Holiday", IF(E22="Worked", IF(F22="Yes",2.6,2), 1), D22="Special Non-Working Holiday", IF(E22="Worked", IF(F22="Yes",1.5,1.3), 0), D22="Special Working Holiday", 1, D22="Regular", IF(F22="Yes", IF(E22="Worked",1.3,0), IF(E22="Worked",1,0) ) )} -> 1 | N22: {=_xlfn.IFS( F22="No", _xlfn.IFS( D22="Regular", 1.25, OR(D22="Special Working Holiday", D22="Special Non-Working Holiday"), 1.3*1.3, OR(D22="Regular Working Holiday", D22="Regular Non-Working Holiday"), 2*1.3 ), F22="Yes", _xlfn.IFS( D22="Regular", 1.3*1.3, OR(D22="Special Working Holiday", D22="Special Non-Working Holiday"), 1.5*1.3, OR(D22="Regular Working Holiday", D22="Regular Non-Working Holiday"), 2.6*1.3 ) )} -> 1.25 | O22: =IF(E22<>"",(G22*HPE*M22)+(N22*HPE*J22)+(K22*ND),"") -> 800 | P22: {=_xlfn.IFS( OR(DAY(B22)=5, DAY(B22)=20), "Cut-off", OR(DAY(B22)=6, DAY(B22)=21), "Start", OR( DAY(B22)=15, DAY(B22)=30, AND(MONTH(B22)=2,DAY(B22)=DAY(EOMONTH(B22,0))) ), "Payday", TRUE, "" )}
B23: 46091 | C23: March | D23: =_xlfn.XLOOKUP(B23,'Holidays 2026'!$A$2:$A$27,'Holidays 2026'!$G$2:$G$27,"Regular",0,1) -> Regular | E23: Worked | F23: =IF(OR(TEXT(B23,"dddd")="Saturday",TEXT(B23,"dddd")="Sunday"),"Yes","No") -> No | G23: {=_xlfn.IFS(OR(E23="Worked",E23="Approved Sick Leave",E23="Approved Vacation Leave",E23="Holiday"),8,E23="","",OR(E23="Absent",E23="Rest Day",E23="Sick Leave Without Pay",E23="Vacation Leave Without Pay"),0)} -> 8 | H23: 0 | I23: 0 | J23: 0 | K23: =IF(E23="Rest Day",0,"7") -> 7 | M23: {=_xlfn.IFS( OR(E23="Absent", E23="Sick Leave Without Pay", E23="Vacation Leave Without Pay", E23="Rest Day"), 0, OR(E23="Approved Sick Leave", E23="Approved Vacation Leave"), 1, D23="Regular Non-Working Holiday", IF(E23="Worked", IF(F23="Yes",2.6,2), 1), D23="Regular Working Holiday", IF(E23="Worked", IF(F23="Yes",2.6,2), 1), D23="Special Non-Working Holiday", IF(E23="Worked", IF(F23="Yes",1.5,1.3), 0), D23="Special Working Holiday", 1, D23="Regular", IF(F23="Yes", IF(E23="Worked",1.3,0), IF(E23="Worked",1,0) ) )} -> 1 | N23: {=_xlfn.IFS( F23="No", _xlfn.IFS( D23="Regular", 1.25, OR(D23="Special Working Holiday", D23="Special Non-Working Holiday"), 1.3*1.3, OR(D23="Regular Working Holiday", D23="Regular Non-Working Holiday"), 2*1.3 ), F23="Yes", _xlfn.IFS( D23="Regular", 1.3*1.3, OR(D23="Special Working Holiday", D23="Special Non-Working Holiday"), 1.5*1.3, OR(D23="Regular Working Holiday", D23="Regular Non-Working Holiday"), 2.6*1.3 ) )} -> 1.25 | O23: =IF(E23<>"",(G23*HPE*M23)+(N23*HPE*J23)+(K23*ND),"") -> 800 | P23: {=_xlfn.IFS( OR(DAY(B23)=5, DAY(B23)=20), "Cut-off", OR(DAY(B23)=6, DAY(B23)=21), "Start", OR( DAY(B23)=15, DAY(B23)=30, AND(MONTH(B23)=2,DAY(B23)=DAY(EOMONTH(B23,0))) ), "Payday", TRUE, "" )}
B24: 46092 | C24: March | D24: =_xlfn.XLOOKUP(B24,'Holidays 2026'!$A$2:$A$27,'Holidays 2026'!$G$2:$G$27,"Regular",0,1) -> Regular | E24: Worked | F24: =IF(OR(TEXT(B24,"dddd")="Saturday",TEXT(B24,"dddd")="Sunday"),"Yes","No") -> No | G24: {=_xlfn.IFS(OR(E24="Worked",E24="Approved Sick Leave",E24="Approved Vacation Leave",E24="Holiday"),8,E24="","",OR(E24="Absent",E24="Rest Day",E24="Sick Leave Without Pay",E24="Vacation Leave Without Pay"),0)} -> 8 | H24: 0 | I24: 0 | J24: 0 | K24: =IF(E24="Rest Day",0,"7") -> 7 | M24: {=_xlfn.IFS( OR(E24="Absent", E24="Sick Leave Without Pay", E24="Vacation Leave Without Pay", E24="Rest Day"), 0, OR(E24="Approved Sick Leave", E24="Approved Vacation Leave"), 1, D24="Regular Non-Working Holiday", IF(E24="Worked", IF(F24="Yes",2.6,2), 1), D24="Regular Working Holiday", IF(E24="Worked", IF(F24="Yes",2.6,2), 1), D24="Special Non-Working Holiday", IF(E24="Worked", IF(F24="Yes",1.5,1.3), 0), D24="Special Working Holiday", 1, D24="Regular", IF(F24="Yes", IF(E24="Worked",1.3,0), IF(E24="Worked",1,0) ) )} -> 1 | N24: {=_xlfn.IFS( F24="No", _xlfn.IFS( D24="Regular", 1.25, OR(D24="Special Working Holiday", D24="Special Non-Working Holiday"), 1.3*1.3, OR(D24="Regular Working Holiday", D24="Regular Non-Working Holiday"), 2*1.3 ), F24="Yes", _xlfn.IFS( D24="Regular", 1.3*1.3, OR(D24="Special Working Holiday", D24="Special Non-Working Holiday"), 1.5*1.3, OR(D24="Regular Working Holiday", D24="Regular Non-Working Holiday"), 2.6*1.3 ) )} -> 1.25 | O24: =IF(E24<>"",(G24*HPE*M24)+(N24*HPE*J24)+(K24*ND),"") -> 800 | P24: {=_xlfn.IFS( OR(DAY(B24)=5, DAY(B24)=20), "Cut-off", OR(DAY(B24)=6, DAY(B24)=21), "Start", OR( DAY(B24)=15, DAY(B24)=30, AND(MONTH(B24)=2,DAY(B24)=DAY(EOMONTH(B24,0))) ), "Payday", TRUE, "" )}
B25: 46093 | C25: March | D25: =_xlfn.XLOOKUP(B25,'Holidays 2026'!$A$2:$A$27,'Holidays 2026'!$G$2:$G$27,"Regular",0,1) -> Regular | E25: Worked | F25: =IF(OR(TEXT(B25,"dddd")="Saturday",TEXT(B25,"dddd")="Sunday"),"Yes","No") -> No | G25: {=_xlfn.IFS(OR(E25="Worked",E25="Approved Sick Leave",E25="Approved Vacation Leave",E25="Holiday"),8,E25="","",OR(E25="Absent",E25="Rest Day",E25="Sick Leave Without Pay",E25="Vacation Leave Without Pay"),0)} -> 8 | H25: 0 | I25: 0 | J25: 0 | K25: =IF(E25="Rest Day",0,"7") -> 7 | M25: {=_xlfn.IFS( OR(E25="Absent", E25="Sick Leave Without Pay", E25="Vacation Leave Without Pay", E25="Rest Day"), 0, OR(E25="Approved Sick Leave", E25="Approved Vacation Leave"), 1, D25="Regular Non-Working Holiday", IF(E25="Worked", IF(F25="Yes",2.6,2), 1), D25="Regular Working Holiday", IF(E25="Worked", IF(F25="Yes",2.6,2), 1), D25="Special Non-Working Holiday", IF(E25="Worked", IF(F25="Yes",1.5,1.3), 0), D25="Special Working Holiday", 1, D25="Regular", IF(F25="Yes", IF(E25="Worked",1.3,0), IF(E25="Worked",1,0) ) )} -> 1 | N25: {=_xlfn.IFS( F25="No", _xlfn.IFS( D25="Regular", 1.25, OR(D25="Special Working Holiday", D25="Special Non-Working Holiday"), 1.3*1.3, OR(D25="Regular Working Holiday", D25="Regular Non-Working Holiday"), 2*1.3 ), F25="Yes", _xlfn.IFS( D25="Regular", 1.3*1.3, OR(D25="Special Working Holiday", D25="Special Non-Working Holiday"), 1.5*1.3, OR(D25="Regular Working Holiday", D25="Regular Non-Working Holiday"), 2.6*1.3 ) )} -> 1.25 | O25: =IF(E25<>"",(G25*HPE*M25)+(N25*HPE*J25)+(K25*ND),"") -> 800 | P25: {=_xlfn.IFS( OR(DAY(B25)=5, DAY(B25)=20), "Cut-off", OR(DAY(B25)=6, DAY(B25)=21), "Start", OR( DAY(B25)=15, DAY(B25)=30, AND(MONTH(B25)=2,DAY(B25)=DAY(EOMONTH(B25,0))) ), "Payday", TRUE, "" )}
B26: 46094 | C26: March | D26: =_xlfn.XLOOKUP(B26,'Holidays 2026'!$A$2:$A$27,'Holidays 2026'!$G$2:$G$27,"Regular",0,1) -> Regular | E26: Worked | F26: =IF(OR(TEXT(B26,"dddd")="Saturday",TEXT(B26,"dddd")="Sunday"),"Yes","No") -> No | G26: {=_xlfn.IFS(OR(E26="Worked",E26="Approved Sick Leave",E26="Approved Vacation Leave",E26="Holiday"),8,E26="","",OR(E26="Absent",E26="Rest Day",E26="Sick Leave Without Pay",E26="Vacation Leave Without Pay"),0)} -> 8 | H26: 0 | I26: 0 | J26: 0 | K26: =IF(E26="Rest Day",0,"7") -> 7 | M26: {=_xlfn.IFS( OR(E26="Absent", E26="Sick Leave Without Pay", E26="Vacation Leave Without Pay", E26="Rest Day"), 0, OR(E26="Approved Sick Leave", E26="Approved Vacation Leave"), 1, D26="Regular Non-Working Holiday", IF(E26="Worked", IF(F26="Yes",2.6,2), 1), D26="Regular Working Holiday", IF(E26="Worked", IF(F26="Yes",2.6,2), 1), D26="Special Non-Working Holiday", IF(E26="Worked", IF(F26="Yes",1.5,1.3), 0), D26="Special Working Holiday", 1, D26="Regular", IF(F26="Yes", IF(E26="Worked",1.3,0), IF(E26="Worked",1,0) ) )} -> 1 | N26: {=_xlfn.IFS( F26="No", _xlfn.IFS( D26="Regular", 1.25, OR(D26="Special Working Holiday", D26="Special Non-Working Holiday"), 1.3*1.3, OR(D26="Regular Working Holiday", D26="Regular Non-Working Holiday"), 2*1.3 ), F26="Yes", _xlfn.IFS( D26="Regular", 1.3*1.3, OR(D26="Special Working Holiday", D26="Special Non-Working Holiday"), 1.5*1.3, OR(D26="Regular Working Holiday", D26="Regular Non-Working Holiday"), 2.6*1.3 ) )} -> 1.25 | O26: =IF(E26<>"",(G26*HPE*M26)+(N26*HPE*J26)+(K26*ND),"") -> 800 | P26: {=_xlfn.IFS( OR(DAY(B26)=5, DAY(B26)=20), "Cut-off", OR(DAY(B26)=6, DAY(B26)=21), "Start", OR( DAY(B26)=15, DAY(B26)=30, AND(MONTH(B26)=2,DAY(B26)=DAY(EOMONTH(B26,0))) ), "Payday", TRUE, "" )}
B27: 46095 | C27: March | D27: =_xlfn.XLOOKUP(B27,'Holidays 2026'!$A$2:$A$27,'Holidays 2026'!$G$2:$G$27,"Regular",0,1) -> Regular | E27: Rest Day | F27: =IF(OR(TEXT(B27,"dddd")="Saturday",TEXT(B27,"dddd")="Sunday"),"Yes","No") -> Yes | G27: {=_xlfn.IFS(OR(E27="Worked",E27="Approved Sick Leave",E27="Approved Vacation Leave",E27="Holiday"),8,E27="","",OR(E27="Absent",E27="Rest Day",E27="Sick Leave Without Pay",E27="Vacation Leave Without Pay"),0)} -> 0 | H27: 0 | I27: 0 | J27: 0 | K27: =IF(E27="Rest Day",0,"7") -> 0 | M27: {=_xlfn.IFS( OR(E27="Absent", E27="Sick Leave Without Pay", E27="Vacation Leave Without Pay", E27="Rest Day"), 0, OR(E27="Approved Sick Leave", E27="Approved Vacation Leave"), 1, D27="Regular Non-Working Holiday", IF(E27="Worked", IF(F27="Yes",2.6,2), 1), D27="Regular Working Holiday", IF(E27="Worked", IF(F27="Yes",2.6,2), 1), D27="Special Non-Working Holiday", IF(E27="Worked", IF(F27="Yes",1.5,1.3), 0), D27="Special Working Holiday", 1, D27="Regular", IF(F27="Yes", IF(E27="Worked",1.3,0), IF(E27="Worked",1,0) ) )} -> 0 | N27: {=_xlfn.IFS( F27="No", _xlfn.IFS( D27="Regular", 1.25, OR(D27="Special Working Holiday", D27="Special Non-Working Holiday"), 1.3*1.3, OR(D27="Regular Working Holiday", D27="Regular Non-Working Holiday"), 2*1.3 ), F27="Yes", _xlfn.IFS( D27="Regular", 1.3*1.3, OR(D27="Special Working Holiday", D27="Special Non-Working Holiday"), 1.5*1.3, OR(D27="Regular Working Holiday", D27="Regular Non-Working Holiday"), 2.6*1.3 ) )} -> 1.69 | O27: =IF(E27<>"",(G27*HPE*M27)+(N27*HPE*J27)+(K27*ND),"") -> 0 | P27: {=_xlfn.IFS( OR(DAY(B27)=5, DAY(B27)=20), "Cut-off", OR(DAY(B27)=6, DAY(B27)=21), "Start", OR( DAY(B27)=15, DAY(B27)=30, AND(MONTH(B27)=2,DAY(B27)=DAY(EOMONTH(B27,0))) ), "Payday", TRUE, "" )}
B28: 46096 | C28: March | D28: =_xlfn.XLOOKUP(B28,'Holidays 2026'!$A$2:$A$27,'Holidays 2026'!$G$2:$G$27,"Regular",0,1) -> Regular | E28: Rest Day | F28: =IF(OR(TEXT(B28,"dddd")="Saturday",TEXT(B28,"dddd")="Sunday"),"Yes","No") -> Yes | G28: {=_xlfn.IFS(OR(E28="Worked",E28="Approved Sick Leave",E28="Approved Vacation Leave",E28="Holiday"),8,E28="","",OR(E28="Absent",E28="Rest Day",E28="Sick Leave Without Pay",E28="Vacation Leave Without Pay"),0)} -> 0 | H28: 0 | I28: 0 | J28: 0 | K28: =IF(E28="Rest Day",0,"7") -> 0 | M28: {=_xlfn.IFS( OR(E28="Absent", E28="Sick Leave Without Pay", E28="Vacation Leave Without Pay", E28="Rest Day"), 0, OR(E28="Approved Sick Leave", E28="Approved Vacation Leave"), 1, D28="Regular Non-Working Holiday", IF(E28="Worked", IF(F28="Yes",2.6,2), 1), D28="Regular Working Holiday", IF(E28="Worked", IF(F28="Yes",2.6,2), 1), D28="Special Non-Working Holiday", IF(E28="Worked", IF(F28="Yes",1.5,1.3), 0), D28="Special Working Holiday", 1, D28="Regular", IF(F28="Yes", IF(E28="Worked",1.3,0), IF(E28="Worked",1,0) ) )} -> 0 | N28: {=_xlfn.IFS( F28="No", _xlfn.IFS( D28="Regular", 1.25, OR(D28="Special Working Holiday", D28="Special Non-Working Holiday"), 1.3*1.3, OR(D28="Regular Working Holiday", D28="Regular Non-Working Holiday"), 2*1.3 ), F28="Yes", _xlfn.IFS( D28="Regular", 1.3*1.3, OR(D28="Special Working Holiday", D28="Special Non-Working Holiday"), 1.5*1.3, OR(D28="Regular Working Holiday", D28="Regular Non-Working Holiday"), 2.6*1.3 ) )} -> 1.69 | O28: =IF(E28<>"",(G28*HPE*M28)+(N28*HPE*J28)+(K28*ND),"") -> 0 | P28: {=_xlfn.IFS( OR(DAY(B28)=5, DAY(B28)=20), "Cut-off", OR(DAY(B28)=6, DAY(B28)=21), "Start", OR( DAY(B28)=15, DAY(B28)=30, AND(MONTH(B28)=2,DAY(B28)=DAY(EOMONTH(B28,0))) ), "Payday", TRUE, "" )} -> Payday | Q28: =SUM(O6:O18) -> 7200
B29: 46097 | C29: March | D29: =_xlfn.XLOOKUP(B29,'Holidays 2026'!$A$2:$A$27,'Holidays 2026'!$G$2:$G$27,"Regular",0,1) -> Regular | E29: Worked | F29: =IF(OR(TEXT(B29,"dddd")="Saturday",TEXT(B29,"dddd")="Sunday"),"Yes","No") -> No | G29: {=_xlfn.IFS(OR(E29="Worked",E29="Approved Sick Leave",E29="Approved Vacation Leave",E29="Holiday"),8,E29="","",OR(E29="Absent",E29="Rest Day",E29="Sick Leave Without Pay",E29="Vacation Leave Without Pay"),0)} -> 8 | H29: 0 | I29: 0 | J29: 0 | K29: =IF(E29="Rest Day",0,"7") -> 7 | M29: {=_xlfn.IFS( OR(E29="Absent", E29="Sick Leave Without Pay", E29="Vacation Leave Without Pay", E29="Rest Day"), 0, OR(E29="Approved Sick Leave", E29="Approved Vacation Leave"), 1, D29="Regular Non-Working Holiday", IF(E29="Worked", IF(F29="Yes",2.6,2), 1), D29="Regular Working Holiday", IF(E29="Worked", IF(F29="Yes",2.6,2), 1), D29="Special Non-Working Holiday", IF(E29="Worked", IF(F29="Yes",1.5,1.3), 0), D29="Special Working Holiday", 1, D29="Regular", IF(F29="Yes", IF(E29="Worked",1.3,0), IF(E29="Worked",1,0) ) )} -> 1 | N29: {=_xlfn.IFS( F29="No", _xlfn.IFS( D29="Regular", 1.25, OR(D29="Special Working Holiday", D29="Special Non-Working Holiday"), 1.3*1.3, OR(D29="Regular Working Holiday", D29="Regular Non-Working Holiday"), 2*1.3 ), F29="Yes", _xlfn.IFS( D29="Regular", 1.3*1.3, OR(D29="Special Working Holiday", D29="Special Non-Working Holiday"), 1.5*1.3, OR(D29="Regular Working Holiday", D29="Regular Non-Working Holiday"), 2.6*1.3 ) )} -> 1.25 | O29: =IF(E29<>"",(G29*HPE*M29)+(N29*HPE*J29)+(K29*ND),"") -> 800 | P29: {=_xlfn.IFS( OR(DAY(B29)=5, DAY(B29)=20), "Cut-off", OR(DAY(B29)=6, DAY(B29)=21), "Start", OR( DAY(B29)=15, DAY(B29)=30, AND(MONTH(B29)=2,DAY(B29)=DAY(EOMONTH(B29,0))) ), "Payday", TRUE, "" )}
B30: 46098 | C30: March | D30: =_xlfn.XLOOKUP(B30,'Holidays 2026'!$A$2:$A$27,'Holidays 2026'!$G$2:$G$27,"Regular",0,1) -> Regular | E30: Worked | F30: =IF(OR(TEXT(B30,"dddd")="Saturday",TEXT(B30,"dddd")="Sunday"),"Yes","No") -> No | G30: {=_xlfn.IFS(OR(E30="Worked",E30="Approved Sick Leave",E30="Approved Vacation Leave",E30="Holiday"),8,E30="","",OR(E30="Absent",E30="Rest Day",E30="Sick Leave Without Pay",E30="Vacation Leave Without Pay"),0)} -> 8 | H30: 0 | I30: 0 | J30: 0 | K30: =IF(E30="Rest Day",0,"7") -> 7 | M30: {=_xlfn.IFS( OR(E30="Absent", E30="Sick Leave Without Pay", E30="Vacation Leave Without Pay", E30="Rest Day"), 0, OR(E30="Approved Sick Leave", E30="Approved Vacation Leave"), 1, D30="Regular Non-Working Holiday", IF(E30="Worked", IF(F30="Yes",2.6,2), 1), D30="Regular Working Holiday", IF(E30="Worked", IF(F30="Yes",2.6,2), 1), D30="Special Non-Working Holiday", IF(E30="Worked", IF(F30="Yes",1.5,1.3), 0), D30="Special Working Holiday", 1, D30="Regular", IF(F30="Yes", IF(E30="Worked",1.3,0), IF(E30="Worked",1,0) ) )} -> 1 | N30: {=_xlfn.IFS( F30="No", _xlfn.IFS( D30="Regular", 1.25, OR(D30="Special Working Holiday", D30="Special Non-Working Holiday"), 1.3*1.3, OR(D30="Regular Working Holiday", D30="Regular Non-Working Holiday"), 2*1.3 ), F30="Yes", _xlfn.IFS( D30="Regular", 1.3*1.3, OR(D30="Special Working Holiday", D30="Special Non-Working Holiday"), 1.5*1.3, OR(D30="Regular Working Holiday", D30="Regular Non-Working Holiday"), 2.6*1.3 ) )} -> 1.25 | O30: =IF(E30<>"",(G30*HPE*M30)+(N30*HPE*J30)+(K30*ND),"") -> 800 | P30: {=_xlfn.IFS( OR(DAY(B30)=5, DAY(B30)=20), "Cut-off", OR(DAY(B30)=6, DAY(B30)=21), "Start", OR( DAY(B30)=15, DAY(B30)=30, AND(MONTH(B30)=2,DAY(B30)=DAY(EOMONTH(B30,0))) ), "Payday", TRUE, "" )}
B31: 46099 | C31: March | D31: =_xlfn.XLOOKUP(B31,'Holidays 2026'!$A$2:$A$27,'Holidays 2026'!$G$2:$G$27,"Regular",0,1) -> Regular | E31: Worked | F31: =IF(OR(TEXT(B31,"dddd")="Saturday",TEXT(B31,"dddd")="Sunday"),"Yes","No") -> No | G31: {=_xlfn.IFS(OR(E31="Worked",E31="Approved Sick Leave",E31="Approved Vacation Leave",E31="Holiday"),8,E31="","",OR(E31="Absent",E31="Rest Day",E31="Sick Leave Without Pay",E31="Vacation Leave Without Pay"),0)} -> 8 | H31: 0 | I31: 0 | J31: 0 | K31: =IF(E31="Rest Day",0,"7") -> 7 | M31: {=_xlfn.IFS( OR(E31="Absent", E31="Sick Leave Without Pay", E31="Vacation Leave Without Pay", E31="Rest Day"), 0, OR(E31="Approved Sick Leave", E31="Approved Vacation Leave"), 1, D31="Regular Non-Working Holiday", IF(E31="Worked", IF(F31="Yes",2.6,2), 1), D31="Regular Working Holiday", IF(E31="Worked", IF(F31="Yes",2.6,2), 1), D31="Special Non-Working Holiday", IF(E31="Worked", IF(F31="Yes",1.5,1.3), 0), D31="Special Working Holiday", 1, D31="Regular", IF(F31="Yes", IF(E31="Worked",1.3,0), IF(E31="Worked",1,0) ) )} -> 1 | N31: {=_xlfn.IFS( F31="No", _xlfn.IFS( D31="Regular", 1.25, OR(D31="Special Working Holiday", D31="Special Non-Working Holiday"), 1.3*1.3, OR(D31="Regular Working Holiday", D31="Regular Non-Working Holiday"), 2*1.3 ), F31="Yes", _xlfn.IFS( D31="Regular", 1.3*1.3, OR(D31="Special Working Holiday", D31="Special Non-Working Holiday"), 1.5*1.3, OR(D31="Regular Working Holiday", D31="Regular Non-Working Holiday"), 2.6*1.3 ) )} -> 1.25 | O31: =IF(E31<>"",(G31*HPE*M31)+(N31*HPE*J31)+(K31*ND),"") -> 800 | P31: {=_xlfn.IFS( OR(DAY(B31)=5, DAY(B31)=20), "Cut-off", OR(DAY(B31)=6, DAY(B31)=21), "Start", OR( DAY(B31)=15, DAY(B31)=30, AND(MONTH(B31)=2,DAY(B31)=DAY(EOMONTH(B31,0))) ), "Payday", TRUE, "" )}
B32: 46100 | C32: March | D32: =_xlfn.XLOOKUP(B32,'Holidays 2026'!$A$2:$A$27,'Holidays 2026'!$G$2:$G$27,"Regular",0,1) -> Regular | E32: Worked | F32: =IF(OR(TEXT(B32,"dddd")="Saturday",TEXT(B32,"dddd")="Sunday"),"Yes","No") -> No | G32: {=_xlfn.IFS(OR(E32="Worked",E32="Approved Sick Leave",E32="Approved Vacation Leave",E32="Holiday"),8,E32="","",OR(E32="Absent",E32="Rest Day",E32="Sick Leave Without Pay",E32="Vacation Leave Without Pay"),0)} -> 8 | H32: 0 | I32: 0 | J32: 0 | K32: =IF(E32="Rest Day",0,"7") -> 7 | M32: {=_xlfn.IFS( OR(E32="Absent", E32="Sick Leave Without Pay", E32="Vacation Leave Without Pay", E32="Rest Day"), 0, OR(E32="Approved Sick Leave", E32="Approved Vacation Leave"), 1, D32="Regular Non-Working Holiday", IF(E32="Worked", IF(F32="Yes",2.6,2), 1), D32="Regular Working Holiday", IF(E32="Worked", IF(F32="Yes",2.6,2), 1), D32="Special Non-Working Holiday", IF(E32="Worked", IF(F32="Yes",1.5,1.3), 0), D32="Special Working Holiday", 1, D32="Regular", IF(F32="Yes", IF(E32="Worked",1.3,0), IF(E32="Worked",1,0) ) )} -> 1 | N32: {=_xlfn.IFS( F32="No", _xlfn.IFS( D32="Regular", 1.25, OR(D32="Special Working Holiday", D32="Special Non-Working Holiday"), 1.3*1.3, OR(D32="Regular Working Holiday", D32="Regular Non-Working Holiday"), 2*1.3 ), F32="Yes", _xlfn.IFS( D32="Regular", 1.3*1.3, OR(D32="Special Working Holiday", D32="Special Non-Working Holiday"), 1.5*1.3, OR(D32="Regular Working Holiday", D32="Regular Non-Working Holiday"), 2.6*1.3 ) )} -> 1.25 | O32: =IF(E32<>"",(G32*HPE*M32)+(N32*HPE*J32)+(K32*ND),"") -> 800 | P32: {=_xlfn.IFS( OR(DAY(B32)=5, DAY(B32)=20), "Cut-off", OR(DAY(B32)=6, DAY(B32)=21), "Start", OR( DAY(B32)=15, DAY(B32)=30, AND(MONTH(B32)=2,DAY(B32)=DAY(EOMONTH(B32,0))) ), "Payday", TRUE, "" )}
B33: 46101 | C33: March | D33: =_xlfn.XLOOKUP(B33,'Holidays 2026'!$A$2:$A$27,'Holidays 2026'!$G$2:$G$27,"Regular",0,1) -> Regular Working Holiday | E33: Worked | F33: =IF(OR(TEXT(B33,"dddd")="Saturday",TEXT(B33,"dddd")="Sunday"),"Yes","No") -> No | G33: {=_xlfn.IFS(OR(E33="Worked",E33="Approved Sick Leave",E33="Approved Vacation Leave",E33="Holiday"),8,E33="","",OR(E33="Absent",E33="Rest Day",E33="Sick Leave Without Pay",E33="Vacation Leave Without Pay"),0)} -> 8 | H33: 0 | I33: 0 | J33: 0 | K33: =IF(E33="Rest Day",0,"7") -> 7 | M33: {=_xlfn.IFS( OR(E33="Absent", E33="Sick Leave Without Pay", E33="Vacation Leave Without Pay", E33="Rest Day"), 0, OR(E33="Approved Sick Leave", E33="Approved Vacation Leave"), 1, D33="Regular Non-Working Holiday", IF(E33="Worked", IF(F33="Yes",2.6,2), 1), D33="Regular Working Holiday", IF(E33="Worked", IF(F33="Yes",2.6,2), 1), D33="Special Non-Working Holiday", IF(E33="Worked", IF(F33="Yes",1.5,1.3), 0), D33="Special Working Holiday", 1, D33="Regular", IF(F33="Yes", IF(E33="Worked",1.3,0), IF(E33="Worked",1,0) ) )} -> 2 | N33: {=_xlfn.IFS( F33="No", _xlfn.IFS( D33="Regular", 1.25, OR(D33="Special Working Holiday", D33="Special Non-Working Holiday"), 1.3*1.3, OR(D33="Regular Working Holiday", D33="Regular Non-Working Holiday"), 2*1.3 ), F33="Yes", _xlfn.IFS( D33="Regular", 1.3*1.3, OR(D33="Special Working Holiday", D33="Special Non-Working Holiday"), 1.5*1.3, OR(D33="Regular Working Holiday", D33="Regular Non-Working Holiday"), 2.6*1.3 ) )} -> 2.6 | O33: =IF(E33<>"",(G33*HPE*M33)+(N33*HPE*J33)+(K33*ND),"") -> 1535.6322 | P33: {=_xlfn.IFS( OR(DAY(B33)=5, DAY(B33)=20), "Cut-off", OR(DAY(B33)=6, DAY(B33)=21), "Start", OR( DAY(B33)=15, DAY(B33)=30, AND(MONTH(B33)=2,DAY(B33)=DAY(EOMONTH(B33,0))) ), "Payday", TRUE, "" )} -> Cut-off
B34: 46102 | C34: March | D34: =_xlfn.XLOOKUP(B34,'Holidays 2026'!$A$2:$A$27,'Holidays 2026'!$G$2:$G$27,"Regular",0,1) -> Regular | E34: Rest Day | F34: =IF(OR(TEXT(B34,"dddd")="Saturday",TEXT(B34,"dddd")="Sunday"),"Yes","No") -> Yes | G34: {=_xlfn.IFS(OR(E34="Worked",E34="Approved Sick Leave",E34="Approved Vacation Leave",E34="Holiday"),8,E34="","",OR(E34="Absent",E34="Rest Day",E34="Sick Leave Without Pay",E34="Vacation Leave Without Pay"),0)} -> 0 | H34: 0 | I34: 0 | J34: 0 | K34: =IF(E34="Rest Day",0,"7") -> 0 | M34: {=_xlfn.IFS( OR(E34="Absent", E34="Sick Leave Without Pay", E34="Vacation Leave Without Pay", E34="Rest Day"), 0, OR(E34="Approved Sick Leave", E34="Approved Vacation Leave"), 1, D34="Regular Non-Working Holiday", IF(E34="Worked", IF(F34="Yes",2.6,2), 1), D34="Regular Working Holiday", IF(E34="Worked", IF(F34="Yes",2.6,2), 1), D34="Special Non-Working Holiday", IF(E34="Worked", IF(F34="Yes",1.5,1.3), 0), D34="Special Working Holiday", 1, D34="Regular", IF(F34="Yes", IF(E34="Worked",1.3,0), IF(E34="Worked",1,0) ) )} -> 0 | N34: {=_xlfn.IFS( F34="No", _xlfn.IFS( D34="Regular", 1.25, OR(D34="Special Working Holiday", D34="Special Non-Working Holiday"), 1.3*1.3, OR(D34="Regular Working Holiday", D34="Regular Non-Working Holiday"), 2*1.3 ), F34="Yes", _xlfn.IFS( D34="Regular", 1.3*1.3, OR(D34="Special Working Holiday", D34="Special Non-Working Holiday"), 1.5*1.3, OR(D34="Regular Working Holiday", D34="Regular Non-Working Holiday"), 2.6*1.3 ) )} -> 1.69 | O34: =IF(E34<>"",(G34*HPE*M34)+(N34*HPE*J34)+(K34*ND),"") -> 0 | P34: {=_xlfn.IFS( OR(DAY(B34)=5, DAY(B34)=20), "Cut-off", OR(DAY(B34)=6, DAY(B34)=21), "Start", OR( DAY(B34)=15, DAY(B34)=30, AND(MONTH(B34)=2,DAY(B34)=DAY(EOMONTH(B34,0))) ), "Payday", TRUE, "" )} -> Start
B35: 46103 | C35: March | D35: =_xlfn.XLOOKUP(B35,'Holidays 2026'!$A$2:$A$27,'Holidays 2026'!$G$2:$G$27,"Regular",0,1) -> Regular | E35: Rest Day | F35: =IF(OR(TEXT(B35,"dddd")="Saturday",TEXT(B35,"dddd")="Sunday"),"Yes","No") -> Yes | G35: {=_xlfn.IFS(OR(E35="Worked",E35="Approved Sick Leave",E35="Approved Vacation Leave",E35="Holiday"),8,E35="","",OR(E35="Absent",E35="Rest Day",E35="Sick Leave Without Pay",E35="Vacation Leave Without Pay"),0)} -> 0 | H35: 0 | I35: 0 | J35: 0 | K35: =IF(E35="Rest Day",0,"7") -> 0 | M35: {=_xlfn.IFS( OR(E35="Absent", E35="Sick Leave Without Pay", E35="Vacation Leave Without Pay", E35="Rest Day"), 0, OR(E35="Approved Sick Leave", E35="Approved Vacation Leave"), 1, D35="Regular Non-Working Holiday", IF(E35="Worked", IF(F35="Yes",2.6,2), 1), D35="Regular Working Holiday", IF(E35="Worked", IF(F35="Yes",2.6,2), 1), D35="Special Non-Working Holiday", IF(E35="Worked", IF(F35="Yes",1.5,1.3), 0), D35="Special Working Holiday", 1, D35="Regular", IF(F35="Yes", IF(E35="Worked",1.3,0), IF(E35="Worked",1,0) ) )} -> 0 | N35: {=_xlfn.IFS( F35="No", _xlfn.IFS( D35="Regular", 1.25, OR(D35="Special Working Holiday", D35="Special Non-Working Holiday"), 1.3*1.3, OR(D35="Regular Working Holiday", D35="Regular Non-Working Holiday"), 2*1.3 ), F35="Yes", _xlfn.IFS( D35="Regular", 1.3*1.3, OR(D35="Special Working Holiday", D35="Special Non-Working Holiday"), 1.5*1.3, OR(D35="Regular Working Holiday", D35="Regular Non-Working Holiday"), 2.6*1.3 ) )} -> 1.69 | O35: =IF(E35<>"",(G35*HPE*M35)+(N35*HPE*J35)+(K35*ND),"") -> 0 | P35: {=_xlfn.IFS( OR(DAY(B35)=5, DAY(B35)=20), "Cut-off", OR(DAY(B35)=6, DAY(B35)=21), "Start", OR( DAY(B35)=15, DAY(B35)=30, AND(MONTH(B35)=2,DAY(B35)=DAY(EOMONTH(B35,0))) ), "Payday", TRUE, "" )}
B36: 46104 | C36: March | D36: =_xlfn.XLOOKUP(B36,'Holidays 2026'!$A$2:$A$27,'Holidays 2026'!$G$2:$G$27,"Regular",0,1) -> Regular | E36: Worked | F36: =IF(OR(TEXT(B36,"dddd")="Saturday",TEXT(B36,"dddd")="Sunday"),"Yes","No") -> No | G36: {=_xlfn.IFS(OR(E36="Worked",E36="Approved Sick Leave",E36="Approved Vacation Leave",E36="Holiday"),8,E36="","",OR(E36="Absent",E36="Rest Day",E36="Sick Leave Without Pay",E36="Vacation Leave Without Pay"),0)} -> 8 | H36: 0 | I36: 0 | J36: 0 | K36: =IF(E36="Rest Day",0,"7") -> 7 | M36: {=_xlfn.IFS( OR(E36="Absent", E36="Sick Leave Without Pay", E36="Vacation Leave Without Pay", E36="Rest Day"), 0, OR(E36="Approved Sick Leave", E36="Approved Vacation Leave"), 1, D36="Regular Non-Working Holiday", IF(E36="Worked", IF(F36="Yes",2.6,2), 1), D36="Regular Working Holiday", IF(E36="Worked", IF(F36="Yes",2.6,2), 1), D36="Special Non-Working Holiday", IF(E36="Worked", IF(F36="Yes",1.5,1.3), 0), D36="Special Working Holiday", 1, D36="Regular", IF(F36="Yes", IF(E36="Worked",1.3,0), IF(E36="Worked",1,0) ) )} -> 1 | N36: {=_xlfn.IFS( F36="No", _xlfn.IFS( D36="Regular", 1.25, OR(D36="Special Working Holiday", D36="Special Non-Working Holiday"), 1.3*1.3, OR(D36="Regular Working Holiday", D36="Regular Non-Working Holiday"), 2*1.3 ), F36="Yes", _xlfn.IFS( D36="Regular", 1.3*1.3, OR(D36="Special Working Holiday", D36="Special Non-Working Holiday"), 1.5*1.3, OR(D36="Regular Working Holiday", D36="Regular Non-Working Holiday"), 2.6*1.3 ) )} -> 1.25 | O36: =IF(E36<>"",(G36*HPE*M36)+(N36*HPE*J36)+(K36*ND),"") -> 800 | P36: {=_xlfn.IFS( OR(DAY(B36)=5, DAY(B36)=20), "Cut-off", OR(DAY(B36)=6, DAY(B36)=21), "Start", OR( DAY(B36)=15, DAY(B36)=30, AND(MONTH(B36)=2,DAY(B36)=DAY(EOMONTH(B36,0))) ), "Payday", TRUE, "" )}
B37: 46105 | C37: March | D37: =_xlfn.XLOOKUP(B37,'Holidays 2026'!$A$2:$A$27,'Holidays 2026'!$G$2:$G$27,"Regular",0,1) -> Regular | E37: Worked | F37: =IF(OR(TEXT(B37,"dddd")="Saturday",TEXT(B37,"dddd")="Sunday"),"Yes","No") -> No | G37: {=_xlfn.IFS(OR(E37="Worked",E37="Approved Sick Leave",E37="Approved Vacation Leave",E37="Holiday"),8,E37="","",OR(E37="Absent",E37="Rest Day",E37="Sick Leave Without Pay",E37="Vacation Leave Without Pay"),0)} -> 8 | H37: 0 | I37: 0 | J37: 0 | K37: =IF(E37="Rest Day",0,"7") -> 7 | M37: {=_xlfn.IFS( OR(E37="Absent", E37="Sick Leave Without Pay", E37="Vacation Leave Without Pay", E37="Rest Day"), 0, OR(E37="Approved Sick Leave", E37="Approved Vacation Leave"), 1, D37="Regular Non-Working Holiday", IF(E37="Worked", IF(F37="Yes",2.6,2), 1), D37="Regular Working Holiday", IF(E37="Worked", IF(F37="Yes",2.6,2), 1), D37="Special Non-Working Holiday", IF(E37="Worked", IF(F37="Yes",1.5,1.3), 0), D37="Special Working Holiday", 1, D37="Regular", IF(F37="Yes", IF(E37="Worked",1.3,0), IF(E37="Worked",1,0) ) )} -> 1 | N37: {=_xlfn.IFS( F37="No", _xlfn.IFS( D37="Regular", 1.25, OR(D37="Special Working Holiday", D37="Special Non-Working Holiday"), 1.3*1.3, OR(D37="Regular Working Holiday", D37="Regular Non-Working Holiday"), 2*1.3 ), F37="Yes", _xlfn.IFS( D37="Regular", 1.3*1.3, OR(D37="Special Working Holiday", D37="Special Non-Working Holiday"), 1.5*1.3, OR(D37="Regular Working Holiday", D37="Regular Non-Working Holiday"), 2.6*1.3 ) )} -> 1.25 | O37: =IF(E37<>"",(G37*HPE*M37)+(N37*HPE*J37)+(K37*ND),"") -> 800 | P37: {=_xlfn.IFS( OR(DAY(B37)=5, DAY(B37)=20), "Cut-off", OR(DAY(B37)=6, DAY(B37)=21), "Start", OR( DAY(B37)=15, DAY(B37)=30, AND(MONTH(B37)=2,DAY(B37)=DAY(EOMONTH(B37,0))) ), "Payday", TRUE, "" )}
B38: 46106 | C38: March | D38: =_xlfn.XLOOKUP(B38,'Holidays 2026'!$A$2:$A$27,'Holidays 2026'!$G$2:$G$27,"Regular",0,1) -> Regular | E38: Worked | F38: =IF(OR(TEXT(B38,"dddd")="Saturday",TEXT(B38,"dddd")="Sunday"),"Yes","No") -> No | G38: {=_xlfn.IFS(OR(E38="Worked",E38="Approved Sick Leave",E38="Approved Vacation Leave",E38="Holiday"),8,E38="","",OR(E38="Absent",E38="Rest Day",E38="Sick Leave Without Pay",E38="Vacation Leave Without Pay"),0)} -> 8 | H38: 0 | I38: 0 | J38: 0 | K38: =IF(E38="Rest Day",0,"7") -> 7 | M38: {=_xlfn.IFS( OR(E38="Absent", E38="Sick Leave Without Pay", E38="Vacation Leave Without Pay", E38="Rest Day"), 0, OR(E38="Approved Sick Leave", E38="Approved Vacation Leave"), 1, D38="Regular Non-Working Holiday", IF(E38="Worked", IF(F38="Yes",2.6,2), 1), D38="Regular Working Holiday", IF(E38="Worked", IF(F38="Yes",2.6,2), 1), D38="Special Non-Working Holiday", IF(E38="Worked", IF(F38="Yes",1.5,1.3), 0), D38="Special Working Holiday", 1, D38="Regular", IF(F38="Yes", IF(E38="Worked",1.3,0), IF(E38="Worked",1,0) ) )} -> 1 | N38: {=_xlfn.IFS( F38="No", _xlfn.IFS( D38="Regular", 1.25, OR(D38="Special Working Holiday", D38="Special Non-Working Holiday"), 1.3*1.3, OR(D38="Regular Working Holiday", D38="Regular Non-Working Holiday"), 2*1.3 ), F38="Yes", _xlfn.IFS( D38="Regular", 1.3*1.3, OR(D38="Special Working Holiday", D38="Special Non-Working Holiday"), 1.5*1.3, OR(D38="Regular Working Holiday", D38="Regular Non-Working Holiday"), 2.6*1.3 ) )} -> 1.25 | O38: =IF(E38<>"",(G38*HPE*M38)+(N38*HPE*J38)+(K38*ND),"") -> 800 | P38: {=_xlfn.IFS( OR(DAY(B38)=5, DAY(B38)=20), "Cut-off", OR(DAY(B38)=6, DAY(B38)=21), "Start", OR( DAY(B38)=15, DAY(B38)=30, AND(MONTH(B38)=2,DAY(B38)=DAY(EOMONTH(B38,0))) ), "Payday", TRUE, "" )}
B39: 46107 | C39: March | D39: =_xlfn.XLOOKUP(B39,'Holidays 2026'!$A$2:$A$27,'Holidays 2026'!$G$2:$G$27,"Regular",0,1) -> Regular | E39: Worked | F39: =IF(OR(TEXT(B39,"dddd")="Saturday",TEXT(B39,"dddd")="Sunday"),"Yes","No") -> No | G39: {=_xlfn.IFS(OR(E39="Worked",E39="Approved Sick Leave",E39="Approved Vacation Leave",E39="Holiday"),8,E39="","",OR(E39="Absent",E39="Rest Day",E39="Sick Leave Without Pay",E39="Vacation Leave Without Pay"),0)} -> 8 | H39: 0 | I39: 0 | J39: 0 | K39: =IF(E39="Rest Day",0,"7") -> 7 | M39: {=_xlfn.IFS( OR(E39="Absent", E39="Sick Leave Without Pay", E39="Vacation Leave Without Pay", E39="Rest Day"), 0, OR(E39="Approved Sick Leave", E39="Approved Vacation Leave"), 1, D39="Regular Non-Working Holiday", IF(E39="Worked", IF(F39="Yes",2.6,2), 1), D39="Regular Working Holiday", IF(E39="Worked", IF(F39="Yes",2.6,2), 1), D39="Special Non-Working Holiday", IF(E39="Worked", IF(F39="Yes",1.5,1.3), 0), D39="Special Working Holiday", 1, D39="Regular", IF(F39="Yes", IF(E39="Worked",1.3,0), IF(E39="Worked",1,0) ) )} -> 1 | N39: {=_xlfn.IFS( F39="No", _xlfn.IFS( D39="Regular", 1.25, OR(D39="Special Working Holiday", D39="Special Non-Working Holiday"), 1.3*1.3, OR(D39="Regular Working Holiday", D39="Regular Non-Working Holiday"), 2*1.3 ), F39="Yes", _xlfn.IFS( D39="Regular", 1.3*1.3, OR(D39="Special Working Holiday", D39="Special Non-Working Holiday"), 1.5*1.3, OR(D39="Regular Working Holiday", D39="Regular Non-Working Holiday"), 2.6*1.3 ) )} -> 1.25 | O39: =IF(E39<>"",(G39*HPE*M39)+(N39*HPE*J39)+(K39*ND),"") -> 800 | P39: {=_xlfn.IFS( OR(DAY(B39)=5, DAY(B39)=20), "Cut-off", OR(DAY(B39)=6, DAY(B39)=21), "Start", OR( DAY(B39)=15, DAY(B39)=30, AND(MONTH(B39)=2,DAY(B39)=DAY(EOMONTH(B39,0))) ), "Payday", TRUE, "" )}
B40: 46108 | C40: March | D40: =_xlfn.XLOOKUP(B40,'Holidays 2026'!$A$2:$A$27,'Holidays 2026'!$G$2:$G$27,"Regular",0,1) -> Regular | E40: Worked | F40: =IF(OR(TEXT(B40,"dddd")="Saturday",TEXT(B40,"dddd")="Sunday"),"Yes","No") -> No | G40: {=_xlfn.IFS(OR(E40="Worked",E40="Approved Sick Leave",E40="Approved Vacation Leave",E40="Holiday"),8,E40="","",OR(E40="Absent",E40="Rest Day",E40="Sick Leave Without Pay",E40="Vacation Leave Without Pay"),0)} -> 8 | H40: 0 | I40: 0 | J40: 0 | K40: =IF(E40="Rest Day",0,"7") -> 7 | M40: {=_xlfn.IFS( OR(E40="Absent", E40="Sick Leave Without Pay", E40="Vacation Leave Without Pay", E40="Rest Day"), 0, OR(E40="Approved Sick Leave", E40="Approved Vacation Leave"), 1, D40="Regular Non-Working Holiday", IF(E40="Worked", IF(F40="Yes",2.6,2), 1), D40="Regular Working Holiday", IF(E40="Worked", IF(F40="Yes",2.6,2), 1), D40="Special Non-Working Holiday", IF(E40="Worked", IF(F40="Yes",1.5,1.3), 0), D40="Special Working Holiday", 1, D40="Regular", IF(F40="Yes", IF(E40="Worked",1.3,0), IF(E40="Worked",1,0) ) )} -> 1 | N40: {=_xlfn.IFS( F40="No", _xlfn.IFS( D40="Regular", 1.25, OR(D40="Special Working Holiday", D40="Special Non-Working Holiday"), 1.3*1.3, OR(D40="Regular Working Holiday", D40="Regular Non-Working Holiday"), 2*1.3 ), F40="Yes", _xlfn.IFS( D40="Regular", 1.3*1.3, OR(D40="Special Working Holiday", D40="Special Non-Working Holiday"), 1.5*1.3, OR(D40="Regular Working Holiday", D40="Regular Non-Working Holiday"), 2.6*1.3 ) )} -> 1.25 | O40: =IF(E40<>"",(G40*HPE*M40)+(N40*HPE*J40)+(K40*ND),"") -> 800 | P40: {=_xlfn.IFS( OR(DAY(B40)=5, DAY(B40)=20), "Cut-off", OR(DAY(B40)=6, DAY(B40)=21), "Start", OR( DAY(B40)=15, DAY(B40)=30, AND(MONTH(B40)=2,DAY(B40)=DAY(EOMONTH(B40,0))) ), "Payday", TRUE, "" )}
... B42: 46110 | C42: March | D42: =_xlfn.XLOOKUP(B42,'Holidays 2026'!$A$2:$A$27,'Holidays 2026'!$G$2:$G$27,"Regular",0,1) -> Regular | E42: Rest Day | F42: =IF(OR(TEXT(B42,"dddd")="Saturday",TEXT(B42,"dddd")="Sunday"),"Yes","No") -> Yes | G42: {=_xlfn.IFS(OR(E42="Worked",E42="Approved Sick Leave",E42="Approved Vacation Leave",E42="Holiday"),8,E42="","",OR(E42="Absent",E42="Rest Day",E42="Sick Leave Without Pay",E42="Vacation Leave Without Pay"),0)} -> 0 | H42: 0 | I42: 0 | J42: 0 | K42: =IF(E42="Rest Day",0,"7") -> 0 | M42: {=_xlfn.IFS( OR(E42="Absent", E42="Sick Leave Without Pay", E42="Vacation Leave Without Pay", E42="Rest Day"), 0, OR(E42="Approved Sick Leave", E42="Approved Vacation Leave"), 1, D42="Regular Non-Working Holiday", IF(E42="Worked", IF(F42="Yes",2.6,2), 1), D42="Regular Working Holiday", IF(E42="Worked", IF(F42="Yes",2.6,2), 1), D42="Special Non-Working Holiday", IF(E42="Worked", IF(F42="Yes",1.5,1.3), 0), D42="Special Working Holiday", 1, D42="Regular", IF(F42="Yes", IF(E42="Worked",1.3,0), IF(E42="Worked",1,0) ) )} -> 0 | N42: {=_xlfn.IFS( F42="No", _xlfn.IFS( D42="Regular", 1.25, OR(D42="Special Working Holiday", D42="Special Non-Working Holiday"), 1.3*1.3, OR(D42="Regular Working Holiday", D42="Regular Non-Working Holiday"), 2*1.3 ), F42="Yes", _xlfn.IFS( D42="Regular", 1.3*1.3, OR(D42="Special Working Holiday", D42="Special Non-Working Holiday"), 1.5*1.3, OR(D42="Regular Working Holiday", D42="Regular Non-Working Holiday"), 2.6*1.3 ) )} -> 1.69 | O42: =IF(E42<>"",(G42*HPE*M42)+(N42*HPE*J42)+(K42*ND),"") -> 0 | P42: {=_xlfn.IFS( OR(DAY(B42)=5, DAY(B42)=20), "Cut-off", OR(DAY(B42)=6, DAY(B42)=21), "Start", OR( DAY(B42)=15, DAY(B42)=30, AND(MONTH(B42)=2,DAY(B42)=DAY(EOMONTH(B42,0))) ), "Payday", TRUE, "" )}
B43: 46111 | C43: March | D43: =_xlfn.XLOOKUP(B43,'Holidays 2026'!$A$2:$A$27,'Holidays 2026'!$G$2:$G$27,"Regular",0,1) -> Regular | E43: Worked | F43: =IF(OR(TEXT(B43,"dddd")="Saturday",TEXT(B43,"dddd")="Sunday"),"Yes","No") -> No | G43: {=_xlfn.IFS(OR(E43="Worked",E43="Approved Sick Leave",E43="Approved Vacation Leave",E43="Holiday"),8,E43="","",OR(E43="Absent",E43="Rest Day",E43="Sick Leave Without Pay",E43="Vacation Leave Without Pay"),0)} -> 8 | H43: 0 | I43: 0 | J43: 0 | K43: =IF(E43="Rest Day",0,"7") -> 7 | M43: {=_xlfn.IFS( OR(E43="Absent", E43="Sick Leave Without Pay", E43="Vacation Leave Without Pay", E43="Rest Day"), 0, OR(E43="Approved Sick Leave", E43="Approved Vacation Leave"), 1, D43="Regular Non-Working Holiday", IF(E43="Worked", IF(F43="Yes",2.6,2), 1), D43="Regular Working Holiday", IF(E43="Worked", IF(F43="Yes",2.6,2), 1), D43="Special Non-Working Holiday", IF(E43="Worked", IF(F43="Yes",1.5,1.3), 0), D43="Special Working Holiday", 1, D43="Regular", IF(F43="Yes", IF(E43="Worked",1.3,0), IF(E43="Worked",1,0) ) )} -> 1 | N43: {=_xlfn.IFS( F43="No", _xlfn.IFS( D43="Regular", 1.25, OR(D43="Special Working Holiday", D43="Special Non-Working Holiday"), 1.3*1.3, OR(D43="Regular Working Holiday", D43="Regular Non-Working Holiday"), 2*1.3 ), F43="Yes", _xlfn.IFS( D43="Regular", 1.3*1.3, OR(D43="Special Working Holiday", D43="Special Non-Working Holiday"), 1.5*1.3, OR(D43="Regular Working Holiday", D43="Regular Non-Working Holiday"), 2.6*1.3 ) )} -> 1.25 | O43: =IF(E43<>"",(G43*HPE*M43)+(N43*HPE*J43)+(K43*ND),"") -> 800 | P43: {=_xlfn.IFS( OR(DAY(B43)=5, DAY(B43)=20), "Cut-off", OR(DAY(B43)=6, DAY(B43)=21), "Start", OR( DAY(B43)=15, DAY(B43)=30, AND(MONTH(B43)=2,DAY(B43)=DAY(EOMONTH(B43,0))) ), "Payday", TRUE, "" )} -> Payday | Q43: =SUM(O19:O33) -> 9535.6322
B44: 46112 | C44: March | D44: =_xlfn.XLOOKUP(B44,'Holidays 2026'!$A$2:$A$27,'Holidays 2026'!$G$2:$G$27,"Regular",0,1) -> Regular | E44: Worked | F44: =IF(OR(TEXT(B44,"dddd")="Saturday",TEXT(B44,"dddd")="Sunday"),"Yes","No") -> No | G44: {=_xlfn.IFS(OR(E44="Worked",E44="Approved Sick Leave",E44="Approved Vacation Leave",E44="Holiday"),8,E44="","",OR(E44="Absent",E44="Rest Day",E44="Sick Leave Without Pay",E44="Vacation Leave Without Pay"),0)} -> 8 | H44: 0 | I44: 0 | J44: 0 | K44: =IF(E44="Rest Day",0,"7") -> 7 | M44: {=_xlfn.IFS( OR(E44="Absent", E44="Sick Leave Without Pay", E44="Vacation Leave Without Pay", E44="Rest Day"), 0, OR(E44="Approved Sick Leave", E44="Approved Vacation Leave"), 1, D44="Regular Non-Working Holiday", IF(E44="Worked", IF(F44="Yes",2.6,2), 1), D44="Regular Working Holiday", IF(E44="Worked", IF(F44="Yes",2.6,2), 1), D44="Special Non-Working Holiday", IF(E44="Worked", IF(F44="Yes",1.5,1.3), 0), D44="Special Working Holiday", 1, D44="Regular", IF(F44="Yes", IF(E44="Worked",1.3,0), IF(E44="Worked",1,0) ) )} -> 1 | N44: {=_xlfn.IFS( F44="No", _xlfn.IFS( D44="Regular", 1.25, OR(D44="Special Working Holiday", D44="Special Non-Working Holiday"), 1.3*1.3, OR(D44="Regular Working Holiday", D44="Regular Non-Working Holiday"), 2*1.3 ), F44="Yes", _xlfn.IFS( D44="Regular", 1.3*1.3, OR(D44="Special Working Holiday", D44="Special Non-Working Holiday"), 1.5*1.3, OR(D44="Regular Working Holiday", D44="Regular Non-Working Holiday"), 2.6*1.3 ) )} -> 1.25 | O44: =IF(E44<>"",(G44*HPE*M44)+(N44*HPE*J44)+(K44*ND),"") -> 800 | P44: {=_xlfn.IFS( OR(DAY(B44)=5, DAY(B44)=20), "Cut-off", OR(DAY(B44)=6, DAY(B44)=21), "Start", OR( DAY(B44)=15, DAY(B44)=30, AND(MONTH(B44)=2,DAY(B44)=DAY(EOMONTH(B44,0))) ), "Payday", TRUE, "" )}
A45: APRIL | B45: 46113 | C45: April | D45: =_xlfn.XLOOKUP(B45,'Holidays 2026'!$A$2:$A$27,'Holidays 2026'!$G$2:$G$27,"Regular",0,1) -> Regular | E45: Worked | F45: =IF(OR(TEXT(B45,"dddd")="Saturday",TEXT(B45,"dddd")="Sunday"),"Yes","No") -> No | G45: {=_xlfn.IFS(OR(E45="Worked",E45="Approved Sick Leave",E45="Approved Vacation Leave",E45="Holiday"),8,E45="","",OR(E45="Absent",E45="Rest Day",E45="Sick Leave Without Pay",E45="Vacation Leave Without Pay"),0)} -> 8 | H45: 0 | I45: 0 | J45: 0 | K45: =IF(E45="Rest Day",0,"7") -> 7 | M45: {=_xlfn.IFS( OR(E45="Absent", E45="Sick Leave Without Pay", E45="Vacation Leave Without Pay", E45="Rest Day"), 0, OR(E45="Approved Sick Leave", E45="Approved Vacation Leave"), 1, D45="Regular Non-Working Holiday", IF(E45="Worked", IF(F45="Yes",2.6,2), 1), D45="Regular Working Holiday", IF(E45="Worked", IF(F45="Yes",2.6,2), 1), D45="Special Non-Working Holiday", IF(E45="Worked", IF(F45="Yes",1.5,1.3), 0), D45="Special Working Holiday", 1, D45="Regular", IF(F45="Yes", IF(E45="Worked",1.3,0), IF(E45="Worked",1,0) ) )} -> 1 | N45: {=_xlfn.IFS( F45="No", _xlfn.IFS( D45="Regular", 1.25, OR(D45="Special Working Holiday", D45="Special Non-Working Holiday"), 1.3*1.3, OR(D45="Regular Working Holiday", D45="Regular Non-Working Holiday"), 2*1.3 ), F45="Yes", _xlfn.IFS( D45="Regular", 1.3*1.3, OR(D45="Special Working Holiday", D45="Special Non-Working Holiday"), 1.5*1.3, OR(D45="Regular Working Holiday", D45="Regular Non-Working Holiday"), 2.6*1.3 ) )} -> 1.25 | O45: =IF(E45<>"",(G45*HPE*M45)+(N45*HPE*J45)+(K45*ND),"") -> 800 | P45: {=_xlfn.IFS( OR(DAY(B45)=5, DAY(B45)=20), "Cut-off", OR(DAY(B45)=6, DAY(B45)=21), "Start", OR( DAY(B45)=15, DAY(B45)=30, AND(MONTH(B45)=2,DAY(B45)=DAY(EOMONTH(B45,0))) ), "Payday", TRUE, "" )}
B46: 46114 | C46: April | D46: =_xlfn.XLOOKUP(B46,'Holidays 2026'!$A$2:$A$27,'Holidays 2026'!$G$2:$G$27,"Regular",0,1) -> Regular Non-Working Holiday | E46: Worked | F46: =IF(OR(TEXT(B46,"dddd")="Saturday",TEXT(B46,"dddd")="Sunday"),"Yes","No") -> No | G46: {=_xlfn.IFS(OR(E46="Worked",E46="Approved Sick Leave",E46="Approved Vacation Leave",E46="Holiday"),8,E46="","",OR(E46="Absent",E46="Rest Day",E46="Sick Leave Without Pay",E46="Vacation Leave Without Pay"),0)} -> 8 | H46: 0 | I46: 0 | J46: 0 | K46: =IF(E46="Rest Day",0,"7") -> 7 | M46: {=_xlfn.IFS( OR(E46="Absent", E46="Sick Leave Without Pay", E46="Vacation Leave Without Pay", E46="Rest Day"), 0, OR(E46="Approved Sick Leave", E46="Approved Vacation Leave"), 1, D46="Regular Non-Working Holiday", IF(E46="Worked", IF(F46="Yes",2.6,2), 1), D46="Regular Working Holiday", IF(E46="Worked", IF(F46="Yes",2.6,2), 1), D46="Special Non-Working Holiday", IF(E46="Worked", IF(F46="Yes",1.5,1.3), 0), D46="Special Working Holiday", 1, D46="Regular", IF(F46="Yes", IF(E46="Worked",1.3,0), IF(E46="Worked",1,0) ) )} -> 2 | N46: {=_xlfn.IFS( F46="No", _xlfn.IFS( D46="Regular", 1.25, OR(D46="Special Working Holiday", D46="Special Non-Working Holiday"), 1.3*1.3, OR(D46="Regular Working Holiday", D46="Regular Non-Working Holiday"), 2*1.3 ), F46="Yes", _xlfn.IFS( D46="Regular", 1.3*1.3, OR(D46="Special Working Holiday", D46="Special Non-Working Holiday"), 1.5*1.3, OR(D46="Regular Working Holiday", D46="Regular Non-Working Holiday"), 2.6*1.3 ) )} -> 2.6 | O46: =IF(E46<>"",(G46*HPE*M46)+(N46*HPE*J46)+(K46*ND),"") -> 1535.6322 | P46: {=_xlfn.IFS( OR(DAY(B46)=5, DAY(B46)=20), "Cut-off", OR(DAY(B46)=6, DAY(B46)=21), "Start", OR( DAY(B46)=15, DAY(B46)=30, AND(MONTH(B46)=2,DAY(B46)=DAY(EOMONTH(B46,0))) ), "Payday", TRUE, "" )}
B47: 46115 | C47: April | D47: =_xlfn.XLOOKUP(B47,'Holidays 2026'!$A$2:$A$27,'Holidays 2026'!$G$2:$G$27,"Regular",0,1) -> Regular Non-Working Holiday | E47: Holiday | F47: =IF(OR(TEXT(B47,"dddd")="Saturday",TEXT(B47,"dddd")="Sunday"),"Yes","No") -> No | G47: {=_xlfn.IFS(OR(E47="Worked",E47="Approved Sick Leave",E47="Approved Vacation Leave",E47="Holiday"),8,E47="","",OR(E47="Absent",E47="Rest Day",E47="Sick Leave Without Pay",E47="Vacation Leave Without Pay"),0)} -> 8 | H47: 0 | I47: 0 | J47: 0 | K47: =IF(E47="Rest Day",0,"7") -> 7 | M47: {=_xlfn.IFS( OR(E47="Absent", E47="Sick Leave Without Pay", E47="Vacation Leave Without Pay", E47="Rest Day"), 0, OR(E47="Approved Sick Leave", E47="Approved Vacation Leave"), 1, D47="Regular Non-Working Holiday", IF(E47="Worked", IF(F47="Yes",2.6,2), 1), D47="Regular Working Holiday", IF(E47="Worked", IF(F47="Yes",2.6,2), 1), D47="Special Non-Working Holiday", IF(E47="Worked", IF(F47="Yes",1.5,1.3), 0), D47="Special Working Holiday", 1, D47="Regular", IF(F47="Yes", IF(E47="Worked",1.3,0), IF(E47="Worked",1,0) ) )} -> 1 | N47: {=_xlfn.IFS( F47="No", _xlfn.IFS( D47="Regular", 1.25, OR(D47="Special Working Holiday", D47="Special Non-Working Holiday"), 1.3*1.3, OR(D47="Regular Working Holiday", D47="Regular Non-Working Holiday"), 2*1.3 ), F47="Yes", _xlfn.IFS( D47="Regular", 1.3*1.3, OR(D47="Special Working Holiday", D47="Special Non-Working Holiday"), 1.5*1.3, OR(D47="Regular Working Holiday", D47="Regular Non-Working Holiday"), 2.6*1.3 ) )} -> 2.6 | O47: =IF(E47<>"",(G47*HPE*M47)+(N47*HPE*J47)+(K47*ND),"") -> 800 | P47: {=_xlfn.IFS( OR(DAY(B47)=5, DAY(B47)=20), "Cut-off", OR(DAY(B47)=6, DAY(B47)=21), "Start", OR( DAY(B47)=15, DAY(B47)=30, AND(MONTH(B47)=2,DAY(B47)=DAY(EOMONTH(B47,0))) ), "Payday", TRUE, "" )}
B48: 46116 | C48: April | D48: =_xlfn.XLOOKUP(B48,'Holidays 2026'!$A$2:$A$27,'Holidays 2026'!$G$2:$G$27,"Regular",0,1) -> Special Working Holiday | E48: Worked | F48: =IF(OR(TEXT(B48,"dddd")="Saturday",TEXT(B48,"dddd")="Sunday"),"Yes","No") -> Yes | G48: {=_xlfn.IFS(OR(E48="Worked",E48="Approved Sick Leave",E48="Approved Vacation Leave",E48="Holiday"),8,E48="","",OR(E48="Absent",E48="Rest Day",E48="Sick Leave Without Pay",E48="Vacation Leave Without Pay"),0)} -> 8 | H48: 0 | I48: 0 | J48: 0 | K48: =IF(E48="Rest Day",0,"7") -> 7 | M48: {=_xlfn.IFS( OR(E48="Absent", E48="Sick Leave Without Pay", E48="Vacation Leave Without Pay", E48="Rest Day"), 0, OR(E48="Approved Sick Leave", E48="Approved Vacation Leave"), 1, D48="Regular Non-Working Holiday", IF(E48="Worked", IF(F48="Yes",2.6,2), 1), D48="Regular Working Holiday", IF(E48="Worked", IF(F48="Yes",2.6,2), 1), D48="Special Non-Working Holiday", IF(E48="Worked", IF(F48="Yes",1.5,1.3), 0), D48="Special Working Holiday", 1, D48="Regular", IF(F48="Yes", IF(E48="Worked",1.3,0), IF(E48="Worked",1,0) ) )} -> 1 | N48: {=_xlfn.IFS( F48="No", _xlfn.IFS( D48="Regular", 1.25, OR(D48="Special Working Holiday", D48="Special Non-Working Holiday"), 1.3*1.3, OR(D48="Regular Working Holiday", D48="Regular Non-Working Holiday"), 2*1.3 ), F48="Yes", _xlfn.IFS( D48="Regular", 1.3*1.3, OR(D48="Special Working Holiday", D48="Special Non-Working Holiday"), 1.5*1.3, OR(D48="Regular Working Holiday", D48="Regular Non-Working Holiday"), 2.6*1.3 ) )} -> 1.95 | O48: =IF(E48<>"",(G48*HPE*M48)+(N48*HPE*J48)+(K48*ND),"") -> 800 | P48: {=_xlfn.IFS( OR(DAY(B48)=5, DAY(B48)=20), "Cut-off", OR(DAY(B48)=6, DAY(B48)=21), "Start", OR( DAY(B48)=15, DAY(B48)=30, AND(MONTH(B48)=2,DAY(B48)=DAY(EOMONTH(B48,0))) ), "Payday", TRUE, "" )}
B49: 46117 | C49: April | D49: =_xlfn.XLOOKUP(B49,'Holidays 2026'!$A$2:$A$27,'Holidays 2026'!$G$2:$G$27,"Regular",0,1) -> Regular | E49: Rest Day | F49: =IF(OR(TEXT(B49,"dddd")="Saturday",TEXT(B49,"dddd")="Sunday"),"Yes","No") -> Yes | G49: {=_xlfn.IFS(OR(E49="Worked",E49="Approved Sick Leave",E49="Approved Vacation Leave",E49="Holiday"),8,E49="","",OR(E49="Absent",E49="Rest Day",E49="Sick Leave Without Pay",E49="Vacation Leave Without Pay"),0)} -> 0 | H49: 0 | I49: 0 | J49: 0 | K49: =IF(E49="Rest Day",0,"7") -> 0 | M49: {=_xlfn.IFS( OR(E49="Absent", E49="Sick Leave Without Pay", E49="Vacation Leave Without Pay", E49="Rest Day"), 0, OR(E49="Approved Sick Leave", E49="Approved Vacation Leave"), 1, D49="Regular Non-Working Holiday", IF(E49="Worked", IF(F49="Yes",2.6,2), 1), D49="Regular Working Holiday", IF(E49="Worked", IF(F49="Yes",2.6,2), 1), D49="Special Non-Working Holiday", IF(E49="Worked", IF(F49="Yes",1.5,1.3), 0), D49="Special Working Holiday", 1, D49="Regular", IF(F49="Yes", IF(E49="Worked",1.3,0), IF(E49="Worked",1,0) ) )} -> 0 | N49: {=_xlfn.IFS( F49="No", _xlfn.IFS( D49="Regular", 1.25, OR(D49="Special Working Holiday", D49="Special Non-Working Holiday"), 1.3*1.3, OR(D49="Regular Working Holiday", D49="Regular Non-Working Holiday"), 2*1.3 ), F49="Yes", _xlfn.IFS( D49="Regular", 1.3*1.3, OR(D49="Special Working Holiday", D49="Special Non-Working Holiday"), 1.5*1.3, OR(D49="Regular Working Holiday", D49="Regular Non-Working Holiday"), 2.6*1.3 ) )} -> 1.69 | O49: =IF(E49<>"",(G49*HPE*M49)+(N49*HPE*J49)+(K49*ND),"") -> 0 | P49: {=_xlfn.IFS( OR(DAY(B49)=5, DAY(B49)=20), "Cut-off", OR(DAY(B49)=6, DAY(B49)=21), "Start", OR( DAY(B49)=15, DAY(B49)=30, AND(MONTH(B49)=2,DAY(B49)=DAY(EOMONTH(B49,0))) ), "Payday", TRUE, "" )} -> Cut-off
B50: 46118 | C50: April | D50: =_xlfn.XLOOKUP(B50,'Holidays 2026'!$A$2:$A$27,'Holidays 2026'!$G$2:$G$27,"Regular",0,1) -> Regular | E50: Worked | F50: =IF(OR(TEXT(B50,"dddd")="Saturday",TEXT(B50,"dddd")="Sunday"),"Yes","No") -> No | G50: {=_xlfn.IFS(OR(E50="Worked",E50="Approved Sick Leave",E50="Approved Vacation Leave",E50="Holiday"),8,E50="","",OR(E50="Absent",E50="Rest Day",E50="Sick Leave Without Pay",E50="Vacation Leave Without Pay"),0)} -> 8 | H50: 0 | I50: 0 | J50: 0 | K50: =IF(E50="Rest Day",0,"7") -> 7 | M50: {=_xlfn.IFS( OR(E50="Absent", E50="Sick Leave Without Pay", E50="Vacation Leave Without Pay", E50="Rest Day"), 0, OR(E50="Approved Sick Leave", E50="Approved Vacation Leave"), 1, D50="Regular Non-Working Holiday", IF(E50="Worked", IF(F50="Yes",2.6,2), 1), D50="Regular Working Holiday", IF(E50="Worked", IF(F50="Yes",2.6,2), 1), D50="Special Non-Working Holiday", IF(E50="Worked", IF(F50="Yes",1.5,1.3), 0), D50="Special Working Holiday", 1, D50="Regular", IF(F50="Yes", IF(E50="Worked",1.3,0), IF(E50="Worked",1,0) ) )} -> 1 | N50: {=_xlfn.IFS( F50="No", _xlfn.IFS( D50="Regular", 1.25, OR(D50="Special Working Holiday", D50="Special Non-Working Holiday"), 1.3*1.3, OR(D50="Regular Working Holiday", D50="Regular Non-Working Holiday"), 2*1.3 ), F50="Yes", _xlfn.IFS( D50="Regular", 1.3*1.3, OR(D50="Special Working Holiday", D50="Special Non-Working Holiday"), 1.5*1.3, OR(D50="Regular Working Holiday", D50="Regular Non-Working Holiday"), 2.6*1.3 ) )} -> 1.25 | O50: =IF(E50<>"",(G50*HPE*M50)+(N50*HPE*J50)+(K50*ND),"") -> 800 | P50: {=_xlfn.IFS( OR(DAY(B50)=5, DAY(B50)=20), "Cut-off", OR(DAY(B50)=6, DAY(B50)=21), "Start", OR( DAY(B50)=15, DAY(B50)=30, AND(MONTH(B50)=2,DAY(B50)=DAY(EOMONTH(B50,0))) ), "Payday", TRUE, "" )} -> Start
B51: 46119 | C51: April | D51: =_xlfn.XLOOKUP(B51,'Holidays 2026'!$A$2:$A$27,'Holidays 2026'!$G$2:$G$27,"Regular",0,1) -> Regular | E51: Worked | F51: =IF(OR(TEXT(B51,"dddd")="Saturday",TEXT(B51,"dddd")="Sunday"),"Yes","No") -> No | G51: {=_xlfn.IFS(OR(E51="Worked",E51="Approved Sick Leave",E51="Approved Vacation Leave",E51="Holiday"),8,E51="","",OR(E51="Absent",E51="Rest Day",E51="Sick Leave Without Pay",E51="Vacation Leave Without Pay"),0)} -> 8 | H51: 0 | I51: 0 | J51: 0 | K51: =IF(E51="Rest Day",0,"7") -> 7 | M51: {=_xlfn.IFS( OR(E51="Absent", E51="Sick Leave Without Pay", E51="Vacation Leave Without Pay", E51="Rest Day"), 0, OR(E51="Approved Sick Leave", E51="Approved Vacation Leave"), 1, D51="Regular Non-Working Holiday", IF(E51="Worked", IF(F51="Yes",2.6,2), 1), D51="Regular Working Holiday", IF(E51="Worked", IF(F51="Yes",2.6,2), 1), D51="Special Non-Working Holiday", IF(E51="Worked", IF(F51="Yes",1.5,1.3), 0), D51="Special Working Holiday", 1, D51="Regular", IF(F51="Yes", IF(E51="Worked",1.3,0), IF(E51="Worked",1,0) ) )} -> 1 | N51: {=_xlfn.IFS( F51="No", _xlfn.IFS( D51="Regular", 1.25, OR(D51="Special Working Holiday", D51="Special Non-Working Holiday"), 1.3*1.3, OR(D51="Regular Working Holiday", D51="Regular Non-Working Holiday"), 2*1.3 ), F51="Yes", _xlfn.IFS( D51="Regular", 1.3*1.3, OR(D51="Special Working Holiday", D51="Special Non-Working Holiday"), 1.5*1.3, OR(D51="Regular Working Holiday", D51="Regular Non-Working Holiday"), 2.6*1.3 ) )} -> 1.25 | O51: =IF(E51<>"",(G51*HPE*M51)+(N51*HPE*J51)+(K51*ND),"") -> 800 | P51: {=_xlfn.IFS( OR(DAY(B51)=5, DAY(B51)=20), "Cut-off", OR(DAY(B51)=6, DAY(B51)=21), "Start", OR( DAY(B51)=15, DAY(B51)=30, AND(MONTH(B51)=2,DAY(B51)=DAY(EOMONTH(B51,0))) ), "Payday", TRUE, "" )}
B52: 46120 | C52: April | D52: =_xlfn.XLOOKUP(B52,'Holidays 2026'!$A$2:$A$27,'Holidays 2026'!$G$2:$G$27,"Regular",0,1) -> Regular | E52: Worked | F52: =IF(OR(TEXT(B52,"dddd")="Saturday",TEXT(B52,"dddd")="Sunday"),"Yes","No") -> No | G52: {=_xlfn.IFS(OR(E52="Worked",E52="Approved Sick Leave",E52="Approved Vacation Leave",E52="Holiday"),8,E52="","",OR(E52="Absent",E52="Rest Day",E52="Sick Leave Without Pay",E52="Vacation Leave Without Pay"),0)} -> 8 | H52: 0 | I52: 0 | J52: 0 | K52: =IF(E52="Rest Day",0,"7") -> 7 | M52: {=_xlfn.IFS( OR(E52="Absent", E52="Sick Leave Without Pay", E52="Vacation Leave Without Pay", E52="Rest Day"), 0, OR(E52="Approved Sick Leave", E52="Approved Vacation Leave"), 1, D52="Regular Non-Working Holiday", IF(E52="Worked", IF(F52="Yes",2.6,2), 1), D52="Regular Working Holiday", IF(E52="Worked", IF(F52="Yes",2.6,2), 1), D52="Special Non-Working Holiday", IF(E52="Worked", IF(F52="Yes",1.5,1.3), 0), D52="Special Working Holiday", 1, D52="Regular", IF(F52="Yes", IF(E52="Worked",1.3,0), IF(E52="Worked",1,0) ) )} -> 1 | N52: {=_xlfn.IFS( F52="No", _xlfn.IFS( D52="Regular", 1.25, OR(D52="Special Working Holiday", D52="Special Non-Working Holiday"), 1.3*1.3, OR(D52="Regular Working Holiday", D52="Regular Non-Working Holiday"), 2*1.3 ), F52="Yes", _xlfn.IFS( D52="Regular", 1.3*1.3, OR(D52="Special Working Holiday", D52="Special Non-Working Holiday"), 1.5*1.3, OR(D52="Regular Working Holiday", D52="Regular Non-Working Holiday"), 2.6*1.3 ) )} -> 1.25 | O52: =IF(E52<>"",(G52*HPE*M52)+(N52*HPE*J52)+(K52*ND),"") -> 800 | P52: {=_xlfn.IFS( OR(DAY(B52)=5, DAY(B52)=20), "Cut-off", OR(DAY(B52)=6, DAY(B52)=21), "Start", OR( DAY(B52)=15, DAY(B52)=30, AND(MONTH(B52)=2,DAY(B52)=DAY(EOMONTH(B52,0))) ), "Payday", TRUE, "" )}
B53: 46121 | C53: April | D53: =_xlfn.XLOOKUP(B53,'Holidays 2026'!$A$2:$A$27,'Holidays 2026'!$G$2:$G$27,"Regular",0,1) -> Regular Working Holiday | E53: Worked | F53: =IF(OR(TEXT(B53,"dddd")="Saturday",TEXT(B53,"dddd")="Sunday"),"Yes","No") -> No | G53: {=_xlfn.IFS(OR(E53="Worked",E53="Approved Sick Leave",E53="Approved Vacation Leave",E53="Holiday"),8,E53="","",OR(E53="Absent",E53="Rest Day",E53="Sick Leave Without Pay",E53="Vacation Leave Without Pay"),0)} -> 8 | H53: 0 | I53: 0 | J53: 0 | K53: =IF(E53="Rest Day",0,"7") -> 7 | M53: {=_xlfn.IFS( OR(E53="Absent", E53="Sick Leave Without Pay", E53="Vacation Leave Without Pay", E53="Rest Day"), 0, OR(E53="Approved Sick Leave", E53="Approved Vacation Leave"), 1, D53="Regular Non-Working Holiday", IF(E53="Worked", IF(F53="Yes",2.6,2), 1), D53="Regular Working Holiday", IF(E53="Worked", IF(F53="Yes",2.6,2), 1), D53="Special Non-Working Holiday", IF(E53="Worked", IF(F53="Yes",1.5,1.3), 0), D53="Special Working Holiday", 1, D53="Regular", IF(F53="Yes", IF(E53="Worked",1.3,0), IF(E53="Worked",1,0) ) )} -> 2 | N53: {=_xlfn.IFS( F53="No", _xlfn.IFS( D53="Regular", 1.25, OR(D53="Special Working Holiday", D53="Special Non-Working Holiday"), 1.3*1.3, OR(D53="Regular Working Holiday", D53="Regular Non-Working Holiday"), 2*1.3 ), F53="Yes", _xlfn.IFS( D53="Regular", 1.3*1.3, OR(D53="Special Working Holiday", D53="Special Non-Working Holiday"), 1.5*1.3, OR(D53="Regular Working Holiday", D53="Regular Non-Working Holiday"), 2.6*1.3 ) )} -> 2.6 | O53: =IF(E53<>"",(G53*HPE*M53)+(N53*HPE*J53)+(K53*ND),"") -> 1535.6322 | P53: {=_xlfn.IFS( OR(DAY(B53)=5, DAY(B53)=20), "Cut-off", OR(DAY(B53)=6, DAY(B53)=21), "Start", OR( DAY(B53)=15, DAY(B53)=30, AND(MONTH(B53)=2,DAY(B53)=DAY(EOMONTH(B53,0))) ), "Payday", TRUE, "" )}
B54: 46122 | C54: April | D54: =_xlfn.XLOOKUP(B54,'Holidays 2026'!$A$2:$A$27,'Holidays 2026'!$G$2:$G$27,"Regular",0,1) -> Regular | E54: Worked | F54: =IF(OR(TEXT(B54,"dddd")="Saturday",TEXT(B54,"dddd")="Sunday"),"Yes","No") -> No | G54: {=_xlfn.IFS(OR(E54="Worked",E54="Approved Sick Leave",E54="Approved Vacation Leave",E54="Holiday"),8,E54="","",OR(E54="Absent",E54="Rest Day",E54="Sick Leave Without Pay",E54="Vacation Leave Without Pay"),0)} -> 8 | H54: 0 | I54: 0 | J54: 0 | K54: =IF(E54="Rest Day",0,"7") -> 7 | M54: {=_xlfn.IFS( OR(E54="Absent", E54="Sick Leave Without Pay", E54="Vacation Leave Without Pay", E54="Rest Day"), 0, OR(E54="Approved Sick Leave", E54="Approved Vacation Leave"), 1, D54="Regular Non-Working Holiday", IF(E54="Worked", IF(F54="Yes",2.6,2), 1), D54="Regular Working Holiday", IF(E54="Worked", IF(F54="Yes",2.6,2), 1), D54="Special Non-Working Holiday", IF(E54="Worked", IF(F54="Yes",1.5,1.3), 0), D54="Special Working Holiday", 1, D54="Regular", IF(F54="Yes", IF(E54="Worked",1.3,0), IF(E54="Worked",1,0) ) )} -> 1 | N54: {=_xlfn.IFS( F54="No", _xlfn.IFS( D54="Regular", 1.25, OR(D54="Special Working Holiday", D54="Special Non-Working Holiday"), 1.3*1.3, OR(D54="Regular Working Holiday", D54="Regular Non-Working Holiday"), 2*1.3 ), F54="Yes", _xlfn.IFS( D54="Regular", 1.3*1.3, OR(D54="Special Working Holiday", D54="Special Non-Working Holiday"), 1.5*1.3, OR(D54="Regular Working Holiday", D54="Regular Non-Working Holiday"), 2.6*1.3 ) )} -> 1.25 | O54: =IF(E54<>"",(G54*HPE*M54)+(N54*HPE*J54)+(K54*ND),"") -> 800 | P54: {=_xlfn.IFS( OR(DAY(B54)=5, DAY(B54)=20), "Cut-off", OR(DAY(B54)=6, DAY(B54)=21), "Start", OR( DAY(B54)=15, DAY(B54)=30, AND(MONTH(B54)=2,DAY(B54)=DAY(EOMONTH(B54,0))) ), "Payday", TRUE, "" )}
B55: 46123 | C55: April | D55: =_xlfn.XLOOKUP(B55,'Holidays 2026'!$A$2:$A$27,'Holidays 2026'!$G$2:$G$27,"Regular",0,1) -> Regular | E55: Rest Day | F55: =IF(OR(TEXT(B55,"dddd")="Saturday",TEXT(B55,"dddd")="Sunday"),"Yes","No") -> Yes | G55: {=_xlfn.IFS(OR(E55="Worked",E55="Approved Sick Leave",E55="Approved Vacation Leave",E55="Holiday"),8,E55="","",OR(E55="Absent",E55="Rest Day",E55="Sick Leave Without Pay",E55="Vacation Leave Without Pay"),0)} -> 0 | H55: 0 | I55: 0 | J55: 0 | K55: =IF(E55="Rest Day",0,"7") -> 0 | M55: {=_xlfn.IFS( OR(E55="Absent", E55="Sick Leave Without Pay", E55="Vacation Leave Without Pay", E55="Rest Day"), 0, OR(E55="Approved Sick Leave", E55="Approved Vacation Leave"), 1, D55="Regular Non-Working Holiday", IF(E55="Worked", IF(F55="Yes",2.6,2), 1), D55="Regular Working Holiday", IF(E55="Worked", IF(F55="Yes",2.6,2), 1), D55="Special Non-Working Holiday", IF(E55="Worked", IF(F55="Yes",1.5,1.3), 0), D55="Special Working Holiday", 1, D55="Regular", IF(F55="Yes", IF(E55="Worked",1.3,0), IF(E55="Worked",1,0) ) )} -> 0 | N55: {=_xlfn.IFS( F55="No", _xlfn.IFS( D55="Regular", 1.25, OR(D55="Special Working Holiday", D55="Special Non-Working Holiday"), 1.3*1.3, OR(D55="Regular Working Holiday", D55="Regular Non-Working Holiday"), 2*1.3 ), F55="Yes", _xlfn.IFS( D55="Regular", 1.3*1.3, OR(D55="Special Working Holiday", D55="Special Non-Working Holiday"), 1.5*1.3, OR(D55="Regular Working Holiday", D55="Regular Non-Working Holiday"), 2.6*1.3 ) )} -> 1.69 | O55: =IF(E55<>"",(G55*HPE*M55)+(N55*HPE*J55)+(K55*ND),"") -> 0 | P55: {=_xlfn.IFS( OR(DAY(B55)=5, DAY(B55)=20), "Cut-off", OR(DAY(B55)=6, DAY(B55)=21), "Start", OR( DAY(B55)=15, DAY(B55)=30, AND(MONTH(B55)=2,DAY(B55)=DAY(EOMONTH(B55,0))) ), "Payday", TRUE, "" )}
B56: 46124 | C56: April | D56: =_xlfn.XLOOKUP(B56,'Holidays 2026'!$A$2:$A$27,'Holidays 2026'!$G$2:$G$27,"Regular",0,1) -> Regular | E56: Rest Day | F56: =IF(OR(TEXT(B56,"dddd")="Saturday",TEXT(B56,"dddd")="Sunday"),"Yes","No") -> Yes | G56: {=_xlfn.IFS(OR(E56="Worked",E56="Approved Sick Leave",E56="Approved Vacation Leave",E56="Holiday"),8,E56="","",OR(E56="Absent",E56="Rest Day",E56="Sick Leave Without Pay",E56="Vacation Leave Without Pay"),0)} -> 0 | H56: 0 | I56: 0 | J56: 0 | K56: =IF(E56="Rest Day",0,"7") -> 0 | M56: {=_xlfn.IFS( OR(E56="Absent", E56="Sick Leave Without Pay", E56="Vacation Leave Without Pay", E56="Rest Day"), 0, OR(E56="Approved Sick Leave", E56="Approved Vacation Leave"), 1, D56="Regular Non-Working Holiday", IF(E56="Worked", IF(F56="Yes",2.6,2), 1), D56="Regular Working Holiday", IF(E56="Worked", IF(F56="Yes",2.6,2), 1), D56="Special Non-Working Holiday", IF(E56="Worked", IF(F56="Yes",1.5,1.3), 0), D56="Special Working Holiday", 1, D56="Regular", IF(F56="Yes", IF(E56="Worked",1.3,0), IF(E56="Worked",1,0) ) )} -> 0 | N56: {=_xlfn.IFS( F56="No", _xlfn.IFS( D56="Regular", 1.25, OR(D56="Special Working Holiday", D56="Special Non-Working Holiday"), 1.3*1.3, OR(D56="Regular Working Holiday", D56="Regular Non-Working Holiday"), 2*1.3 ), F56="Yes", _xlfn.IFS( D56="Regular", 1.3*1.3, OR(D56="Special Working Holiday", D56="Special Non-Working Holiday"), 1.5*1.3, OR(D56="Regular Working Holiday", D56="Regular Non-Working Holiday"), 2.6*1.3 ) )} -> 1.69 | O56: =IF(E56<>"",(G56*HPE*M56)+(N56*HPE*J56)+(K56*ND),"") -> 0 | P56: {=_xlfn.IFS( OR(DAY(B56)=5, DAY(B56)=20), "Cut-off", OR(DAY(B56)=6, DAY(B56)=21), "Start", OR( DAY(B56)=15, DAY(B56)=30, AND(MONTH(B56)=2,DAY(B56)=DAY(EOMONTH(B56,0))) ), "Payday", TRUE, "" )}
B57: 46125 | C57: April | D57: =_xlfn.XLOOKUP(B57,'Holidays 2026'!$A$2:$A$27,'Holidays 2026'!$G$2:$G$27,"Regular",0,1) -> Regular | E57: Worked | F57: =IF(OR(TEXT(B57,"dddd")="Saturday",TEXT(B57,"dddd")="Sunday"),"Yes","No") -> No | G57: {=_xlfn.IFS(OR(E57="Worked",E57="Approved Sick Leave",E57="Approved Vacation Leave",E57="Holiday"),8,E57="","",OR(E57="Absent",E57="Rest Day",E57="Sick Leave Without Pay",E57="Vacation Leave Without Pay"),0)} -> 8 | H57: 0 | I57: 0 | J57: 0 | K57: =IF(E57="Rest Day",0,"7") -> 7 | M57: {=_xlfn.IFS( OR(E57="Absent", E57="Sick Leave Without Pay", E57="Vacation Leave Without Pay", E57="Rest Day"), 0, OR(E57="Approved Sick Leave", E57="Approved Vacation Leave"), 1, D57="Regular Non-Working Holiday", IF(E57="Worked", IF(F57="Yes",2.6,2), 1), D57="Regular Working Holiday", IF(E57="Worked", IF(F57="Yes",2.6,2), 1), D57="Special Non-Working Holiday", IF(E57="Worked", IF(F57="Yes",1.5,1.3), 0), D57="Special Working Holiday", 1, D57="Regular", IF(F57="Yes", IF(E57="Worked",1.3,0), IF(E57="Worked",1,0) ) )} -> 1 | N57: {=_xlfn.IFS( F57="No", _xlfn.IFS( D57="Regular", 1.25, OR(D57="Special Working Holiday", D57="Special Non-Working Holiday"), 1.3*1.3, OR(D57="Regular Working Holiday", D57="Regular Non-Working Holiday"), 2*1.3 ), F57="Yes", _xlfn.IFS( D57="Regular", 1.3*1.3, OR(D57="Special Working Holiday", D57="Special Non-Working Holiday"), 1.5*1.3, OR(D57="Regular Working Holiday", D57="Regular Non-Working Holiday"), 2.6*1.3 ) )} -> 1.25 | O57: =IF(E57<>"",(G57*HPE*M57)+(N57*HPE*J57)+(K57*ND),"") -> 800 | P57: {=_xlfn.IFS( OR(DAY(B57)=5, DAY(B57)=20), "Cut-off", OR(DAY(B57)=6, DAY(B57)=21), "Start", OR( DAY(B57)=15, DAY(B57)=30, AND(MONTH(B57)=2,DAY(B57)=DAY(EOMONTH(B57,0))) ), "Payday", TRUE, "" )}
B58: 46126 | C58: April | D58: =_xlfn.XLOOKUP(B58,'Holidays 2026'!$A$2:$A$27,'Holidays 2026'!$G$2:$G$27,"Regular",0,1) -> Regular | E58: Worked | F58: =IF(OR(TEXT(B58,"dddd")="Saturday",TEXT(B58,"dddd")="Sunday"),"Yes","No") -> No | G58: {=_xlfn.IFS(OR(E58="Worked",E58="Approved Sick Leave",E58="Approved Vacation Leave",E58="Holiday"),8,E58="","",OR(E58="Absent",E58="Rest Day",E58="Sick Leave Without Pay",E58="Vacation Leave Without Pay"),0)} -> 8 | H58: 0 | I58: 0 | J58: 0 | K58: =IF(E58="Rest Day",0,"7") -> 7 | M58: {=_xlfn.IFS( OR(E58="Absent", E58="Sick Leave Without Pay", E58="Vacation Leave Without Pay", E58="Rest Day"), 0, OR(E58="Approved Sick Leave", E58="Approved Vacation Leave"), 1, D58="Regular Non-Working Holiday", IF(E58="Worked", IF(F58="Yes",2.6,2), 1), D58="Regular Working Holiday", IF(E58="Worked", IF(F58="Yes",2.6,2), 1), D58="Special Non-Working Holiday", IF(E58="Worked", IF(F58="Yes",1.5,1.3), 0), D58="Special Working Holiday", 1, D58="Regular", IF(F58="Yes", IF(E58="Worked",1.3,0), IF(E58="Worked",1,0) ) )} -> 1 | N58: {=_xlfn.IFS( F58="No", _xlfn.IFS( D58="Regular", 1.25, OR(D58="Special Working Holiday", D58="Special Non-Working Holiday"), 1.3*1.3, OR(D58="Regular Working Holiday", D58="Regular Non-Working Holiday"), 2*1.3 ), F58="Yes", _xlfn.IFS( D58="Regular", 1.3*1.3, OR(D58="Special Working Holiday", D58="Special Non-Working Holiday"), 1.5*1.3, OR(D58="Regular Working Holiday", D58="Regular Non-Working Holiday"), 2.6*1.3 ) )} -> 1.25 | O58: =IF(E58<>"",(G58*HPE*M58)+(N58*HPE*J58)+(K58*ND),"") -> 800 | P58: {=_xlfn.IFS( OR(DAY(B58)=5, DAY(B58)=20), "Cut-off", OR(DAY(B58)=6, DAY(B58)=21), "Start", OR( DAY(B58)=15, DAY(B58)=30, AND(MONTH(B58)=2,DAY(B58)=DAY(EOMONTH(B58,0))) ), "Payday", TRUE, "" )}
B59: 46127 | C59: April | D59: =_xlfn.XLOOKUP(B59,'Holidays 2026'!$A$2:$A$27,'Holidays 2026'!$G$2:$G$27,"Regular",0,1) -> Regular | E59: Worked | F59: =IF(OR(TEXT(B59,"dddd")="Saturday",TEXT(B59,"dddd")="Sunday"),"Yes","No") -> No | G59: {=_xlfn.IFS(OR(E59="Worked",E59="Approved Sick Leave",E59="Approved Vacation Leave",E59="Holiday"),8,E59="","",OR(E59="Absent",E59="Rest Day",E59="Sick Leave Without Pay",E59="Vacation Leave Without Pay"),0)} -> 8 | H59: 0 | I59: 0 | J59: 0 | K59: =IF(E59="Rest Day",0,"7") -> 7 | M59: {=_xlfn.IFS( OR(E59="Absent", E59="Sick Leave Without Pay", E59="Vacation Leave Without Pay", E59="Rest Day"), 0, OR(E59="Approved Sick Leave", E59="Approved Vacation Leave"), 1, D59="Regular Non-Working Holiday", IF(E59="Worked", IF(F59="Yes",2.6,2), 1), D59="Regular Working Holiday", IF(E59="Worked", IF(F59="Yes",2.6,2), 1), D59="Special Non-Working Holiday", IF(E59="Worked", IF(F59="Yes",1.5,1.3), 0), D59="Special Working Holiday", 1, D59="Regular", IF(F59="Yes", IF(E59="Worked",1.3,0), IF(E59="Worked",1,0) ) )} -> 1 | N59: {=_xlfn.IFS( F59="No", _xlfn.IFS( D59="Regular", 1.25, OR(D59="Special Working Holiday", D59="Special Non-Working Holiday"), 1.3*1.3, OR(D59="Regular Working Holiday", D59="Regular Non-Working Holiday"), 2*1.3 ), F59="Yes", _xlfn.IFS( D59="Regular", 1.3*1.3, OR(D59="Special Working Holiday", D59="Special Non-Working Holiday"), 1.5*1.3, OR(D59="Regular Working Holiday", D59="Regular Non-Working Holiday"), 2.6*1.3 ) )} -> 1.25 | O59: =IF(E59<>"",(G59*HPE*M59)+(N59*HPE*J59)+(K59*ND),"") -> 800 | P59: {=_xlfn.IFS( OR(DAY(B59)=5, DAY(B59)=20), "Cut-off", OR(DAY(B59)=6, DAY(B59)=21), "Start", OR( DAY(B59)=15, DAY(B59)=30, AND(MONTH(B59)=2,DAY(B59)=DAY(EOMONTH(B59,0))) ), "Payday", TRUE, "" )} -> Payday | Q59: =SUM(O34:O49) -> 9535.6322
B60: 46128 | C60: April | D60: =_xlfn.XLOOKUP(B60,'Holidays 2026'!$A$2:$A$27,'Holidays 2026'!$G$2:$G$27,"Regular",0,1) -> Regular | E60: Worked | F60: =IF(OR(TEXT(B60,"dddd")="Saturday",TEXT(B60,"dddd")="Sunday"),"Yes","No") -> No | G60: {=_xlfn.IFS(OR(E60="Worked",E60="Approved Sick Leave",E60="Approved Vacation Leave",E60="Holiday"),8,E60="","",OR(E60="Absent",E60="Rest Day",E60="Sick Leave Without Pay",E60="Vacation Leave Without Pay"),0)} -> 8 | H60: 0 | I60: 0 | J60: 0 | K60: =IF(E60="Rest Day",0,"7") -> 7 | M60: {=_xlfn.IFS( OR(E60="Absent", E60="Sick Leave Without Pay", E60="Vacation Leave Without Pay", E60="Rest Day"), 0, OR(E60="Approved Sick Leave", E60="Approved Vacation Leave"), 1, D60="Regular Non-Working Holiday", IF(E60="Worked", IF(F60="Yes",2.6,2), 1), D60="Regular Working Holiday", IF(E60="Worked", IF(F60="Yes",2.6,2), 1), D60="Special Non-Working Holiday", IF(E60="Worked", IF(F60="Yes",1.5,1.3), 0), D60="Special Working Holiday", 1, D60="Regular", IF(F60="Yes", IF(E60="Worked",1.3,0), IF(E60="Worked",1,0) ) )} -> 1 | N60: {=_xlfn.IFS( F60="No", _xlfn.IFS( D60="Regular", 1.25, OR(D60="Special Working Holiday", D60="Special Non-Working Holiday"), 1.3*1.3, OR(D60="Regular Working Holiday", D60="Regular Non-Working Holiday"), 2*1.3 ), F60="Yes", _xlfn.IFS( D60="Regular", 1.3*1.3, OR(D60="Special Working Holiday", D60="Special Non-Working Holiday"), 1.5*1.3, OR(D60="Regular Working Holiday", D60="Regular Non-Working Holiday"), 2.6*1.3 ) )} -> 1.25 | O60: =IF(E60<>"",(G60*HPE*M60)+(N60*HPE*J60)+(K60*ND),"") -> 800 | P60: {=_xlfn.IFS( OR(DAY(B60)=5, DAY(B60)=20), "Cut-off", OR(DAY(B60)=6, DAY(B60)=21), "Start", OR( DAY(B60)=15, DAY(B60)=30, AND(MONTH(B60)=2,DAY(B60)=DAY(EOMONTH(B60,0))) ), "Payday", TRUE, "" )}
B61: 46129 | C61: April | D61: =_xlfn.XLOOKUP(B61,'Holidays 2026'!$A$2:$A$27,'Holidays 2026'!$G$2:$G$27,"Regular",0,1) -> Regular | E61: Worked | F61: =IF(OR(TEXT(B61,"dddd")="Saturday",TEXT(B61,"dddd")="Sunday"),"Yes","No") -> No | G61: {=_xlfn.IFS(OR(E61="Worked",E61="Approved Sick Leave",E61="Approved Vacation Leave",E61="Holiday"),8,E61="","",OR(E61="Absent",E61="Rest Day",E61="Sick Leave Without Pay",E61="Vacation Leave Without Pay"),0)} -> 8 | H61: 0 | I61: 0 | J61: 0 | K61: =IF(E61="Rest Day",0,"7") -> 7 | M61: {=_xlfn.IFS( OR(E61="Absent", E61="Sick Leave Without Pay", E61="Vacation Leave Without Pay", E61="Rest Day"), 0, OR(E61="Approved Sick Leave", E61="Approved Vacation Leave"), 1, D61="Regular Non-Working Holiday", IF(E61="Worked", IF(F61="Yes",2.6,2), 1), D61="Regular Working Holiday", IF(E61="Worked", IF(F61="Yes",2.6,2), 1), D61="Special Non-Working Holiday", IF(E61="Worked", IF(F61="Yes",1.5,1.3), 0), D61="Special Working Holiday", 1, D61="Regular", IF(F61="Yes", IF(E61="Worked",1.3,0), IF(E61="Worked",1,0) ) )} -> 1 | N61: {=_xlfn.IFS( F61="No", _xlfn.IFS( D61="Regular", 1.25, OR(D61="Special Working Holiday", D61="Special Non-Working Holiday"), 1.3*1.3, OR(D61="Regular Working Holiday", D61="Regular Non-Working Holiday"), 2*1.3 ), F61="Yes", _xlfn.IFS( D61="Regular", 1.3*1.3, OR(D61="Special Working Holiday", D61="Special Non-Working Holiday"), 1.5*1.3, OR(D61="Regular Working Holiday", D61="Regular Non-Working Holiday"), 2.6*1.3 ) )} -> 1.25 | O61: =IF(E61<>"",(G61*HPE*M61)+(N61*HPE*J61)+(K61*ND),"") -> 800 | P61: {=_xlfn.IFS( OR(DAY(B61)=5, DAY(B61)=20), "Cut-off", OR(DAY(B61)=6, DAY(B61)=21), "Start", OR( DAY(B61)=15, DAY(B61)=30, AND(MONTH(B61)=2,DAY(B61)=DAY(EOMONTH(B61,0))) ), "Payday", TRUE, "" )}
B62: 46130 | C62: April | D62: =_xlfn.XLOOKUP(B62,'Holidays 2026'!$A$2:$A$27,'Holidays 2026'!$G$2:$G$27,"Regular",0,1) -> Regular | E62: Rest Day | F62: =IF(OR(TEXT(B62,"dddd")="Saturday",TEXT(B62,"dddd")="Sunday"),"Yes","No") -> Yes | G62: {=_xlfn.IFS(OR(E62="Worked",E62="Approved Sick Leave",E62="Approved Vacation Leave",E62="Holiday"),8,E62="","",OR(E62="Absent",E62="Rest Day",E62="Sick Leave Without Pay",E62="Vacation Leave Without Pay"),0)} -> 0 | H62: 0 | I62: 0 | J62: 0 | K62: =IF(E62="Rest Day",0,"7") -> 0 | M62: {=_xlfn.IFS( OR(E62="Absent", E62="Sick Leave Without Pay", E62="Vacation Leave Without Pay", E62="Rest Day"), 0, OR(E62="Approved Sick Leave", E62="Approved Vacation Leave"), 1, D62="Regular Non-Working Holiday", IF(E62="Worked", IF(F62="Yes",2.6,2), 1), D62="Regular Working Holiday", IF(E62="Worked", IF(F62="Yes",2.6,2), 1), D62="Special Non-Working Holiday", IF(E62="Worked", IF(F62="Yes",1.5,1.3), 0), D62="Special Working Holiday", 1, D62="Regular", IF(F62="Yes", IF(E62="Worked",1.3,0), IF(E62="Worked",1,0) ) )} -> 0 | N62: {=_xlfn.IFS( F62="No", _xlfn.IFS( D62="Regular", 1.25, OR(D62="Special Working Holiday", D62="Special Non-Working Holiday"), 1.3*1.3, OR(D62="Regular Working Holiday", D62="Regular Non-Working Holiday"), 2*1.3 ), F62="Yes", _xlfn.IFS( D62="Regular", 1.3*1.3, OR(D62="Special Working Holiday", D62="Special Non-Working Holiday"), 1.5*1.3, OR(D62="Regular Working Holiday", D62="Regular Non-Working Holiday"), 2.6*1.3 ) )} -> 1.69 | O62: =IF(E62<>"",(G62*HPE*M62)+(N62*HPE*J62)+(K62*ND),"") -> 0 | P62: {=_xlfn.IFS( OR(DAY(B62)=5, DAY(B62)=20), "Cut-off", OR(DAY(B62)=6, DAY(B62)=21), "Start", OR( DAY(B62)=15, DAY(B62)=30, AND(MONTH(B62)=2,DAY(B62)=DAY(EOMONTH(B62,0))) ), "Payday", TRUE, "" )}
B63: 46131 | C63: April | D63: =_xlfn.XLOOKUP(B63,'Holidays 2026'!$A$2:$A$27,'Holidays 2026'!$G$2:$G$27,"Regular",0,1) -> Regular | E63: Rest Day | F63: =IF(OR(TEXT(B63,"dddd")="Saturday",TEXT(B63,"dddd")="Sunday"),"Yes","No") -> Yes | G63: {=_xlfn.IFS(OR(E63="Worked",E63="Approved Sick Leave",E63="Approved Vacation Leave",E63="Holiday"),8,E63="","",OR(E63="Absent",E63="Rest Day",E63="Sick Leave Without Pay",E63="Vacation Leave Without Pay"),0)} -> 0 | H63: 0 | I63: 0 | J63: 0 | K63: =IF(E63="Rest Day",0,"7") -> 0 | M63: {=_xlfn.IFS( OR(E63="Absent", E63="Sick Leave Without Pay", E63="Vacation Leave Without Pay", E63="Rest Day"), 0, OR(E63="Approved Sick Leave", E63="Approved Vacation Leave"), 1, D63="Regular Non-Working Holiday", IF(E63="Worked", IF(F63="Yes",2.6,2), 1), D63="Regular Working Holiday", IF(E63="Worked", IF(F63="Yes",2.6,2), 1), D63="Special Non-Working Holiday", IF(E63="Worked", IF(F63="Yes",1.5,1.3), 0), D63="Special Working Holiday", 1, D63="Regular", IF(F63="Yes", IF(E63="Worked",1.3,0), IF(E63="Worked",1,0) ) )} -> 0 | N63: {=_xlfn.IFS( F63="No", _xlfn.IFS( D63="Regular", 1.25, OR(D63="Special Working Holiday", D63="Special Non-Working Holiday"), 1.3*1.3, OR(D63="Regular Working Holiday", D63="Regular Non-Working Holiday"), 2*1.3 ), F63="Yes", _xlfn.IFS( D63="Regular", 1.3*1.3, OR(D63="Special Working Holiday", D63="Special Non-Working Holiday"), 1.5*1.3, OR(D63="Regular Working Holiday", D63="Regular Non-Working Holiday"), 2.6*1.3 ) )} -> 1.69 | O63: =IF(E63<>"",(G63*HPE*M63)+(N63*HPE*J63)+(K63*ND),"") -> 0 | P63: {=_xlfn.IFS( OR(DAY(B63)=5, DAY(B63)=20), "Cut-off", OR(DAY(B63)=6, DAY(B63)=21), "Start", OR( DAY(B63)=15, DAY(B63)=30, AND(MONTH(B63)=2,DAY(B63)=DAY(EOMONTH(B63,0))) ), "Payday", TRUE, "" )}
B64: 46132 | C64: April | D64: =_xlfn.XLOOKUP(B64,'Holidays 2026'!$A$2:$A$27,'Holidays 2026'!$G$2:$G$27,"Regular",0,1) -> Regular | E64: Worked | F64: =IF(OR(TEXT(B64,"dddd")="Saturday",TEXT(B64,"dddd")="Sunday"),"Yes","No") -> No | G64: {=_xlfn.IFS(OR(E64="Worked",E64="Approved Sick Leave",E64="Approved Vacation Leave",E64="Holiday"),8,E64="","",OR(E64="Absent",E64="Rest Day",E64="Sick Leave Without Pay",E64="Vacation Leave Without Pay"),0)} -> 8 | H64: 0 | I64: 0 | J64: 0 | K64: =IF(E64="Rest Day",0,"7") -> 7 | M64: {=_xlfn.IFS( OR(E64="Absent", E64="Sick Leave Without Pay", E64="Vacation Leave Without Pay", E64="Rest Day"), 0, OR(E64="Approved Sick Leave", E64="Approved Vacation Leave"), 1, D64="Regular Non-Working Holiday", IF(E64="Worked", IF(F64="Yes",2.6,2), 1), D64="Regular Working Holiday", IF(E64="Worked", IF(F64="Yes",2.6,2), 1), D64="Special Non-Working Holiday", IF(E64="Worked", IF(F64="Yes",1.5,1.3), 0), D64="Special Working Holiday", 1, D64="Regular", IF(F64="Yes", IF(E64="Worked",1.3,0), IF(E64="Worked",1,0) ) )} -> 1 | N64: {=_xlfn.IFS( F64="No", _xlfn.IFS( D64="Regular", 1.25, OR(D64="Special Working Holiday", D64="Special Non-Working Holiday"), 1.3*1.3, OR(D64="Regular Working Holiday", D64="Regular Non-Working Holiday"), 2*1.3 ), F64="Yes", _xlfn.IFS( D64="Regular", 1.3*1.3, OR(D64="Special Working Holiday", D64="Special Non-Working Holiday"), 1.5*1.3, OR(D64="Regular Working Holiday", D64="Regular Non-Working Holiday"), 2.6*1.3 ) )} -> 1.25 | O64: =IF(E64<>"",(G64*HPE*M64)+(N64*HPE*J64)+(K64*ND),"") -> 800 | P64: {=_xlfn.IFS( OR(DAY(B64)=5, DAY(B64)=20), "Cut-off", OR(DAY(B64)=6, DAY(B64)=21), "Start", OR( DAY(B64)=15, DAY(B64)=30, AND(MONTH(B64)=2,DAY(B64)=DAY(EOMONTH(B64,0))) ), "Payday", TRUE, "" )} -> Cut-off
B65: 46133 | C65: April | D65: =_xlfn.XLOOKUP(B65,'Holidays 2026'!$A$2:$A$27,'Holidays 2026'!$G$2:$G$27,"Regular",0,1) -> Regular | E65: Worked | F65: =IF(OR(TEXT(B65,"dddd")="Saturday",TEXT(B65,"dddd")="Sunday"),"Yes","No") -> No | G65: {=_xlfn.IFS(OR(E65="Worked",E65="Approved Sick Leave",E65="Approved Vacation Leave",E65="Holiday"),8,E65="","",OR(E65="Absent",E65="Rest Day",E65="Sick Leave Without Pay",E65="Vacation Leave Without Pay"),0)} -> 8 | H65: 0 | I65: 0 | J65: 0 | K65: =IF(E65="Rest Day",0,"7") -> 7 | M65: {=_xlfn.IFS( OR(E65="Absent", E65="Sick Leave Without Pay", E65="Vacation Leave Without Pay", E65="Rest Day"), 0, OR(E65="Approved Sick Leave", E65="Approved Vacation Leave"), 1, D65="Regular Non-Working Holiday", IF(E65="Worked", IF(F65="Yes",2.6,2), 1), D65="Regular Working Holiday", IF(E65="Worked", IF(F65="Yes",2.6,2), 1), D65="Special Non-Working Holiday", IF(E65="Worked", IF(F65="Yes",1.5,1.3), 0), D65="Special Working Holiday", 1, D65="Regular", IF(F65="Yes", IF(E65="Worked",1.3,0), IF(E65="Worked",1,0) ) )} -> 1 | N65: {=_xlfn.IFS( F65="No", _xlfn.IFS( D65="Regular", 1.25, OR(D65="Special Working Holiday", D65="Special Non-Working Holiday"), 1.3*1.3, OR(D65="Regular Working Holiday", D65="Regular Non-Working Holiday"), 2*1.3 ), F65="Yes", _xlfn.IFS( D65="Regular", 1.3*1.3, OR(D65="Special Working Holiday", D65="Special Non-Working Holiday"), 1.5*1.3, OR(D65="Regular Working Holiday", D65="Regular Non-Working Holiday"), 2.6*1.3 ) )} -> 1.25 | O65: =IF(E65<>"",(G65*HPE*M65)+(N65*HPE*J65)+(K65*ND),"") -> 800 | P65: {=_xlfn.IFS( OR(DAY(B65)=5, DAY(B65)=20), "Cut-off", OR(DAY(B65)=6, DAY(B65)=21), "Start", OR( DAY(B65)=15, DAY(B65)=30, AND(MONTH(B65)=2,DAY(B65)=DAY(EOMONTH(B65,0))) ), "Payday", TRUE, "" )} -> Start
B66: 46134 | C66: April | D66: =_xlfn.XLOOKUP(B66,'Holidays 2026'!$A$2:$A$27,'Holidays 2026'!$G$2:$G$27,"Regular",0,1) -> Regular | E66: Worked | F66: =IF(OR(TEXT(B66,"dddd")="Saturday",TEXT(B66,"dddd")="Sunday"),"Yes","No") -> No | G66: {=_xlfn.IFS(OR(E66="Worked",E66="Approved Sick Leave",E66="Approved Vacation Leave",E66="Holiday"),8,E66="","",OR(E66="Absent",E66="Rest Day",E66="Sick Leave Without Pay",E66="Vacation Leave Without Pay"),0)} -> 8 | H66: 0 | I66: 0 | J66: 0 | K66: =IF(E66="Rest Day",0,"7") -> 7 | M66: {=_xlfn.IFS( OR(E66="Absent", E66="Sick Leave Without Pay", E66="Vacation Leave Without Pay", E66="Rest Day"), 0, OR(E66="Approved Sick Leave", E66="Approved Vacation Leave"), 1, D66="Regular Non-Working Holiday", IF(E66="Worked", IF(F66="Yes",2.6,2), 1), D66="Regular Working Holiday", IF(E66="Worked", IF(F66="Yes",2.6,2), 1), D66="Special Non-Working Holiday", IF(E66="Worked", IF(F66="Yes",1.5,1.3), 0), D66="Special Working Holiday", 1, D66="Regular", IF(F66="Yes", IF(E66="Worked",1.3,0), IF(E66="Worked",1,0) ) )} -> 1 | N66: {=_xlfn.IFS( F66="No", _xlfn.IFS( D66="Regular", 1.25, OR(D66="Special Working Holiday", D66="Special Non-Working Holiday"), 1.3*1.3, OR(D66="Regular Working Holiday", D66="Regular Non-Working Holiday"), 2*1.3 ), F66="Yes", _xlfn.IFS( D66="Regular", 1.3*1.3, OR(D66="Special Working Holiday", D66="Special Non-Working Holiday"), 1.5*1.3, OR(D66="Regular Working Holiday", D66="Regular Non-Working Holiday"), 2.6*1.3 ) )} -> 1.25 | O66: =IF(E66<>"",(G66*HPE*M66)+(N66*HPE*J66)+(K66*ND),"") -> 800 | P66: {=_xlfn.IFS( OR(DAY(B66)=5, DAY(B66)=20), "Cut-off", OR(DAY(B66)=6, DAY(B66)=21), "Start", OR( DAY(B66)=15, DAY(B66)=30, AND(MONTH(B66)=2,DAY(B66)=DAY(EOMONTH(B66,0))) ), "Payday", TRUE, "" )}
B67: 46135 | C67: April | D67: =_xlfn.XLOOKUP(B67,'Holidays 2026'!$A$2:$A$27,'Holidays 2026'!$G$2:$G$27,"Regular",0,1) -> Regular | E67: Worked | F67: =IF(OR(TEXT(B67,"dddd")="Saturday",TEXT(B67,"dddd")="Sunday"),"Yes","No") -> No | G67: {=_xlfn.IFS(OR(E67="Worked",E67="Approved Sick Leave",E67="Approved Vacation Leave",E67="Holiday"),8,E67="","",OR(E67="Absent",E67="Rest Day",E67="Sick Leave Without Pay",E67="Vacation Leave Without Pay"),0)} -> 8 | H67: 0 | I67: 0 | J67: 0 | K67: =IF(E67="Rest Day",0,"7") -> 7 | M67: {=_xlfn.IFS( OR(E67="Absent", E67="Sick Leave Without Pay", E67="Vacation Leave Without Pay", E67="Rest Day"), 0, OR(E67="Approved Sick Leave", E67="Approved Vacation Leave"), 1, D67="Regular Non-Working Holiday", IF(E67="Worked", IF(F67="Yes",2.6,2), 1), D67="Regular Working Holiday", IF(E67="Worked", IF(F67="Yes",2.6,2), 1), D67="Special Non-Working Holiday", IF(E67="Worked", IF(F67="Yes",1.5,1.3), 0), D67="Special Working Holiday", 1, D67="Regular", IF(F67="Yes", IF(E67="Worked",1.3,0), IF(E67="Worked",1,0) ) )} -> 1 | N67: {=_xlfn.IFS( F67="No", _xlfn.IFS( D67="Regular", 1.25, OR(D67="Special Working Holiday", D67="Special Non-Working Holiday"), 1.3*1.3, OR(D67="Regular Working Holiday", D67="Regular Non-Working Holiday"), 2*1.3 ), F67="Yes", _xlfn.IFS( D67="Regular", 1.3*1.3, OR(D67="Special Working Holiday", D67="Special Non-Working Holiday"), 1.5*1.3, OR(D67="Regular Working Holiday", D67="Regular Non-Working Holiday"), 2.6*1.3 ) )} -> 1.25 | O67: =IF(E67<>"",(G67*HPE*M67)+(N67*HPE*J67)+(K67*ND),"") -> 800 | P67: {=_xlfn.IFS( OR(DAY(B67)=5, DAY(B67)=20), "Cut-off", OR(DAY(B67)=6, DAY(B67)=21), "Start", OR( DAY(B67)=15, DAY(B67)=30, AND(MONTH(B67)=2,DAY(B67)=DAY(EOMONTH(B67,0))) ), "Payday", TRUE, "" )}
B68: 46136 | C68: April | D68: =_xlfn.XLOOKUP(B68,'Holidays 2026'!$A$2:$A$27,'Holidays 2026'!$G$2:$G$27,"Regular",0,1) -> Regular | E68: Worked | F68: =IF(OR(TEXT(B68,"dddd")="Saturday",TEXT(B68,"dddd")="Sunday"),"Yes","No") -> No | G68: {=_xlfn.IFS(OR(E68="Worked",E68="Approved Sick Leave",E68="Approved Vacation Leave",E68="Holiday"),8,E68="","",OR(E68="Absent",E68="Rest Day",E68="Sick Leave Without Pay",E68="Vacation Leave Without Pay"),0)} -> 8 | H68: 0 | I68: 0 | J68: 0 | K68: =IF(E68="Rest Day",0,"7") -> 7 | M68: {=_xlfn.IFS( OR(E68="Absent", E68="Sick Leave Without Pay", E68="Vacation Leave Without Pay", E68="Rest Day"), 0, OR(E68="Approved Sick Leave", E68="Approved Vacation Leave"), 1, D68="Regular Non-Working Holiday", IF(E68="Worked", IF(F68="Yes",2.6,2), 1), D68="Regular Working Holiday", IF(E68="Worked", IF(F68="Yes",2.6,2), 1), D68="Special Non-Working Holiday", IF(E68="Worked", IF(F68="Yes",1.5,1.3), 0), D68="Special Working Holiday", 1, D68="Regular", IF(F68="Yes", IF(E68="Worked",1.3,0), IF(E68="Worked",1,0) ) )} -> 1 | N68: {=_xlfn.IFS( F68="No", _xlfn.IFS( D68="Regular", 1.25, OR(D68="Special Working Holiday", D68="Special Non-Working Holiday"), 1.3*1.3, OR(D68="Regular Working Holiday", D68="Regular Non-Working Holiday"), 2*1.3 ), F68="Yes", _xlfn.IFS( D68="Regular", 1.3*1.3, OR(D68="Special Working Holiday", D68="Special Non-Working Holiday"), 1.5*1.3, OR(D68="Regular Working Holiday", D68="Regular Non-Working Holiday"), 2.6*1.3 ) )} -> 1.25 | O68: =IF(E68<>"",(G68*HPE*M68)+(N68*HPE*J68)+(K68*ND),"") -> 800 | P68: {=_xlfn.IFS( OR(DAY(B68)=5, DAY(B68)=20), "Cut-off", OR(DAY(B68)=6, DAY(B68)=21), "Start", OR( DAY(B68)=15, DAY(B68)=30, AND(MONTH(B68)=2,DAY(B68)=DAY(EOMONTH(B68,0))) ), "Payday", TRUE, "" )}
B69: 46137 | C69: April | D69: =_xlfn.XLOOKUP(B69,'Holidays 2026'!$A$2:$A$27,'Holidays 2026'!$G$2:$G$27,"Regular",0,1) -> Regular | E69: Rest Day | F69: =IF(OR(TEXT(B69,"dddd")="Saturday",TEXT(B69,"dddd")="Sunday"),"Yes","No") -> Yes | G69: {=_xlfn.IFS(OR(E69="Worked",E69="Approved Sick Leave",E69="Approved Vacation Leave",E69="Holiday"),8,E69="","",OR(E69="Absent",E69="Rest Day",E69="Sick Leave Without Pay",E69="Vacation Leave Without Pay"),0)} -> 0 | H69: 0 | I69: 0 | J69: 0 | K69: =IF(E69="Rest Day",0,"7") -> 0 | M69: {=_xlfn.IFS( OR(E69="Absent", E69="Sick Leave Without Pay", E69="Vacation Leave Without Pay", E69="Rest Day"), 0, OR(E69="Approved Sick Leave", E69="Approved Vacation Leave"), 1, D69="Regular Non-Working Holiday", IF(E69="Worked", IF(F69="Yes",2.6,2), 1), D69="Regular Working Holiday", IF(E69="Worked", IF(F69="Yes",2.6,2), 1), D69="Special Non-Working Holiday", IF(E69="Worked", IF(F69="Yes",1.5,1.3), 0), D69="Special Working Holiday", 1, D69="Regular", IF(F69="Yes", IF(E69="Worked",1.3,0), IF(E69="Worked",1,0) ) )} -> 0 | N69: {=_xlfn.IFS( F69="No", _xlfn.IFS( D69="Regular", 1.25, OR(D69="Special Working Holiday", D69="Special Non-Working Holiday"), 1.3*1.3, OR(D69="Regular Working Holiday", D69="Regular Non-Working Holiday"), 2*1.3 ), F69="Yes", _xlfn.IFS( D69="Regular", 1.3*1.3, OR(D69="Special Working Holiday", D69="Special Non-Working Holiday"), 1.5*1.3, OR(D69="Regular Working Holiday", D69="Regular Non-Working Holiday"), 2.6*1.3 ) )} -> 1.69 | O69: =IF(E69<>"",(G69*HPE*M69)+(N69*HPE*J69)+(K69*ND),"") -> 0 | P69: {=_xlfn.IFS( OR(DAY(B69)=5, DAY(B69)=20), "Cut-off", OR(DAY(B69)=6, DAY(B69)=21), "Start", OR( DAY(B69)=15, DAY(B69)=30, AND(MONTH(B69)=2,DAY(B69)=DAY(EOMONTH(B69,0))) ), "Payday", TRUE, "" )}
B70: 46138 | C70: April | D70: =_xlfn.XLOOKUP(B70,'Holidays 2026'!$A$2:$A$27,'Holidays 2026'!$G$2:$G$27,"Regular",0,1) -> Regular | E70: Rest Day | F70: =IF(OR(TEXT(B70,"dddd")="Saturday",TEXT(B70,"dddd")="Sunday"),"Yes","No") -> Yes | G70: {=_xlfn.IFS(OR(E70="Worked",E70="Approved Sick Leave",E70="Approved Vacation Leave",E70="Holiday"),8,E70="","",OR(E70="Absent",E70="Rest Day",E70="Sick Leave Without Pay",E70="Vacation Leave Without Pay"),0)} -> 0 | H70: 0 | I70: 0 | J70: 0 | K70: =IF(E70="Rest Day",0,"7") -> 0 | M70: {=_xlfn.IFS( OR(E70="Absent", E70="Sick Leave Without Pay", E70="Vacation Leave Without Pay", E70="Rest Day"), 0, OR(E70="Approved Sick Leave", E70="Approved Vacation Leave"), 1, D70="Regular Non-Working Holiday", IF(E70="Worked", IF(F70="Yes",2.6,2), 1), D70="Regular Working Holiday", IF(E70="Worked", IF(F70="Yes",2.6,2), 1), D70="Special Non-Working Holiday", IF(E70="Worked", IF(F70="Yes",1.5,1.3), 0), D70="Special Working Holiday", 1, D70="Regular", IF(F70="Yes", IF(E70="Worked",1.3,0), IF(E70="Worked",1,0) ) )} -> 0 | N70: {=_xlfn.IFS( F70="No", _xlfn.IFS( D70="Regular", 1.25, OR(D70="Special Working Holiday", D70="Special Non-Working Holiday"), 1.3*1.3, OR(D70="Regular Working Holiday", D70="Regular Non-Working Holiday"), 2*1.3 ), F70="Yes", _xlfn.IFS( D70="Regular", 1.3*1.3, OR(D70="Special Working Holiday", D70="Special Non-Working Holiday"), 1.5*1.3, OR(D70="Regular Working Holiday", D70="Regular Non-Working Holiday"), 2.6*1.3 ) )} -> 1.69 | O70: =IF(E70<>"",(G70*HPE*M70)+(N70*HPE*J70)+(K70*ND),"") -> 0 | P70: {=_xlfn.IFS( OR(DAY(B70)=5, DAY(B70)=20), "Cut-off", OR(DAY(B70)=6, DAY(B70)=21), "Start", OR( DAY(B70)=15, DAY(B70)=30, AND(MONTH(B70)=2,DAY(B70)=DAY(EOMONTH(B70,0))) ), "Payday", TRUE, "" )}
B71: 46139 | C71: April | D71: =_xlfn.XLOOKUP(B71,'Holidays 2026'!$A$2:$A$27,'Holidays 2026'!$G$2:$G$27,"Regular",0,1) -> Regular | E71: Worked | F71: =IF(OR(TEXT(B71,"dddd")="Saturday",TEXT(B71,"dddd")="Sunday"),"Yes","No") -> No | G71: {=_xlfn.IFS(OR(E71="Worked",E71="Approved Sick Leave",E71="Approved Vacation Leave",E71="Holiday"),8,E71="","",OR(E71="Absent",E71="Rest Day",E71="Sick Leave Without Pay",E71="Vacation Leave Without Pay"),0)} -> 8 | H71: 0 | I71: 0 | J71: 0 | K71: =IF(E71="Rest Day",0,"7") -> 7 | M71: {=_xlfn.IFS( OR(E71="Absent", E71="Sick Leave Without Pay", E71="Vacation Leave Without Pay", E71="Rest Day"), 0, OR(E71="Approved Sick Leave", E71="Approved Vacation Leave"), 1, D71="Regular Non-Working Holiday", IF(E71="Worked", IF(F71="Yes",2.6,2), 1), D71="Regular Working Holiday", IF(E71="Worked", IF(F71="Yes",2.6,2), 1), D71="Special Non-Working Holiday", IF(E71="Worked", IF(F71="Yes",1.5,1.3), 0), D71="Special Working Holiday", 1, D71="Regular", IF(F71="Yes", IF(E71="Worked",1.3,0), IF(E71="Worked",1,0) ) )} -> 1 | N71: {=_xlfn.IFS( F71="No", _xlfn.IFS( D71="Regular", 1.25, OR(D71="Special Working Holiday", D71="Special Non-Working Holiday"), 1.3*1.3, OR(D71="Regular Working Holiday", D71="Regular Non-Working Holiday"), 2*1.3 ), F71="Yes", _xlfn.IFS( D71="Regular", 1.3*1.3, OR(D71="Special Working Holiday", D71="Special Non-Working Holiday"), 1.5*1.3, OR(D71="Regular Working Holiday", D71="Regular Non-Working Holiday"), 2.6*1.3 ) )} -> 1.25 | O71: =IF(E71<>"",(G71*HPE*M71)+(N71*HPE*J71)+(K71*ND),"") -> 800 | P71: {=_xlfn.IFS( OR(DAY(B71)=5, DAY(B71)=20), "Cut-off", OR(DAY(B71)=6, DAY(B71)=21), "Start", OR( DAY(B71)=15, DAY(B71)=30, AND(MONTH(B71)=2,DAY(B71)=DAY(EOMONTH(B71,0))) ), "Payday", TRUE, "" )}
... B73: 46141 | C73: April | D73: =_xlfn.XLOOKUP(B73,'Holidays 2026'!$A$2:$A$27,'Holidays 2026'!$G$2:$G$27,"Regular",0,1) -> Regular | E73: Worked | F73: =IF(OR(TEXT(B73,"dddd")="Saturday",TEXT(B73,"dddd")="Sunday"),"Yes","No") -> No | G73: {=_xlfn.IFS(OR(E73="Worked",E73="Approved Sick Leave",E73="Approved Vacation Leave",E73="Holiday"),8,E73="","",OR(E73="Absent",E73="Rest Day",E73="Sick Leave Without Pay",E73="Vacation Leave Without Pay"),0)} -> 8 | H73: 0 | I73: 0 | J73: 0 | K73: =IF(E73="Rest Day",0,"7") -> 7 | M73: {=_xlfn.IFS( OR(E73="Absent", E73="Sick Leave Without Pay", E73="Vacation Leave Without Pay", E73="Rest Day"), 0, OR(E73="Approved Sick Leave", E73="Approved Vacation Leave"), 1, D73="Regular Non-Working Holiday", IF(E73="Worked", IF(F73="Yes",2.6,2), 1), D73="Regular Working Holiday", IF(E73="Worked", IF(F73="Yes",2.6,2), 1), D73="Special Non-Working Holiday", IF(E73="Worked", IF(F73="Yes",1.5,1.3), 0), D73="Special Working Holiday", 1, D73="Regular", IF(F73="Yes", IF(E73="Worked",1.3,0), IF(E73="Worked",1,0) ) )} -> 1 | N73: {=_xlfn.IFS( F73="No", _xlfn.IFS( D73="Regular", 1.25, OR(D73="Special Working Holiday", D73="Special Non-Working Holiday"), 1.3*1.3, OR(D73="Regular Working Holiday", D73="Regular Non-Working Holiday"), 2*1.3 ), F73="Yes", _xlfn.IFS( D73="Regular", 1.3*1.3, OR(D73="Special Working Holiday", D73="Special Non-Working Holiday"), 1.5*1.3, OR(D73="Regular Working Holiday", D73="Regular Non-Working Holiday"), 2.6*1.3 ) )} -> 1.25 | O73: =IF(E73<>"",(G73*HPE*M73)+(N73*HPE*J73)+(K73*ND),"") -> 800 | P73: {=_xlfn.IFS( OR(DAY(B73)=5, DAY(B73)=20), "Cut-off", OR(DAY(B73)=6, DAY(B73)=21), "Start", OR( DAY(B73)=15, DAY(B73)=30, AND(MONTH(B73)=2,DAY(B73)=DAY(EOMONTH(B73,0))) ), "Payday", TRUE, "" )}
B74: 46142 | C74: April | D74: =_xlfn.XLOOKUP(B74,'Holidays 2026'!$A$2:$A$27,'Holidays 2026'!$G$2:$G$27,"Regular",0,1) -> Regular | E74: Worked | F74: =IF(OR(TEXT(B74,"dddd")="Saturday",TEXT(B74,"dddd")="Sunday"),"Yes","No") -> No | G74: {=_xlfn.IFS(OR(E74="Worked",E74="Approved Sick Leave",E74="Approved Vacation Leave",E74="Holiday"),8,E74="","",OR(E74="Absent",E74="Rest Day",E74="Sick Leave Without Pay",E74="Vacation Leave Without Pay"),0)} -> 8 | H74: 0 | I74: 0 | J74: 0 | K74: =IF(E74="Rest Day",0,"7") -> 7 | M74: {=_xlfn.IFS( OR(E74="Absent", E74="Sick Leave Without Pay", E74="Vacation Leave Without Pay", E74="Rest Day"), 0, OR(E74="Approved Sick Leave", E74="Approved Vacation Leave"), 1, D74="Regular Non-Working Holiday", IF(E74="Worked", IF(F74="Yes",2.6,2), 1), D74="Regular Working Holiday", IF(E74="Worked", IF(F74="Yes",2.6,2), 1), D74="Special Non-Working Holiday", IF(E74="Worked", IF(F74="Yes",1.5,1.3), 0), D74="Special Working Holiday", 1, D74="Regular", IF(F74="Yes", IF(E74="Worked",1.3,0), IF(E74="Worked",1,0) ) )} -> 1 | N74: {=_xlfn.IFS( F74="No", _xlfn.IFS( D74="Regular", 1.25, OR(D74="Special Working Holiday", D74="Special Non-Working Holiday"), 1.3*1.3, OR(D74="Regular Working Holiday", D74="Regular Non-Working Holiday"), 2*1.3 ), F74="Yes", _xlfn.IFS( D74="Regular", 1.3*1.3, OR(D74="Special Working Holiday", D74="Special Non-Working Holiday"), 1.5*1.3, OR(D74="Regular Working Holiday", D74="Regular Non-Working Holiday"), 2.6*1.3 ) )} -> 1.25 | O74: =IF(E74<>"",(G74*HPE*M74)+(N74*HPE*J74)+(K74*ND),"") -> 800 | P74: {=_xlfn.IFS( OR(DAY(B74)=5, DAY(B74)=20), "Cut-off", OR(DAY(B74)=6, DAY(B74)=21), "Start", OR( DAY(B74)=15, DAY(B74)=30, AND(MONTH(B74)=2,DAY(B74)=DAY(EOMONTH(B74,0))) ), "Payday", TRUE, "" )} -> Payday | Q74: =SUM(O50:O64) -> 9535.6322
A75: MAY | B75: 46143 | C75: May | D75: =_xlfn.XLOOKUP(B75,'Holidays 2026'!$A$2:$A$27,'Holidays 2026'!$G$2:$G$27,"Regular",0,1) -> Regular Working Holiday | E75: Worked | F75: =IF(OR(TEXT(B75,"dddd")="Saturday",TEXT(B75,"dddd")="Sunday"),"Yes","No") -> No | G75: {=_xlfn.IFS(OR(E75="Worked",E75="Approved Sick Leave",E75="Approved Vacation Leave",E75="Holiday"),8,E75="","",OR(E75="Absent",E75="Rest Day",E75="Sick Leave Without Pay",E75="Vacation Leave Without Pay"),0)} -> 8 | H75: 0 | I75: 0 | J75: 0 | K75: =IF(E75="Rest Day",0,"7") -> 7 | M75: {=_xlfn.IFS( OR(E75="Absent", E75="Sick Leave Without Pay", E75="Vacation Leave Without Pay", E75="Rest Day"), 0, OR(E75="Approved Sick Leave", E75="Approved Vacation Leave"), 1, D75="Regular Non-Working Holiday", IF(E75="Worked", IF(F75="Yes",2.6,2), 1), D75="Regular Working Holiday", IF(E75="Worked", IF(F75="Yes",2.6,2), 1), D75="Special Non-Working Holiday", IF(E75="Worked", IF(F75="Yes",1.5,1.3), 0), D75="Special Working Holiday", 1, D75="Regular", IF(F75="Yes", IF(E75="Worked",1.3,0), IF(E75="Worked",1,0) ) )} -> 2 | N75: {=_xlfn.IFS( F75="No", _xlfn.IFS( D75="Regular", 1.25, OR(D75="Special Working Holiday", D75="Special Non-Working Holiday"), 1.3*1.3, OR(D75="Regular Working Holiday", D75="Regular Non-Working Holiday"), 2*1.3 ), F75="Yes", _xlfn.IFS( D75="Regular", 1.3*1.3, OR(D75="Special Working Holiday", D75="Special Non-Working Holiday"), 1.5*1.3, OR(D75="Regular Working Holiday", D75="Regular Non-Working Holiday"), 2.6*1.3 ) )} -> 2.6 | O75: =IF(E75<>"",(G75*HPE*M75)+(N75*HPE*J75)+(K75*ND),"") -> 1535.6322 | P75: {=_xlfn.IFS( OR(DAY(B75)=5, DAY(B75)=20), "Cut-off", OR(DAY(B75)=6, DAY(B75)=21), "Start", OR( DAY(B75)=15, DAY(B75)=30, AND(MONTH(B75)=2,DAY(B75)=DAY(EOMONTH(B75,0))) ), "Payday", TRUE, "" )}
B76: 46144 | C76: May | D76: =_xlfn.XLOOKUP(B76,'Holidays 2026'!$A$2:$A$27,'Holidays 2026'!$G$2:$G$27,"Regular",0,1) -> Regular | E76: Rest Day | F76: =IF(OR(TEXT(B76,"dddd")="Saturday",TEXT(B76,"dddd")="Sunday"),"Yes","No") -> Yes | G76: {=_xlfn.IFS(OR(E76="Worked",E76="Approved Sick Leave",E76="Approved Vacation Leave",E76="Holiday"),8,E76="","",OR(E76="Absent",E76="Rest Day",E76="Sick Leave Without Pay",E76="Vacation Leave Without Pay"),0)} -> 0 | H76: 0 | I76: 0 | J76: 0 | K76: =IF(E76="Rest Day",0,"7") -> 0 | M76: {=_xlfn.IFS( OR(E76="Absent", E76="Sick Leave Without Pay", E76="Vacation Leave Without Pay", E76="Rest Day"), 0, OR(E76="Approved Sick Leave", E76="Approved Vacation Leave"), 1, D76="Regular Non-Working Holiday", IF(E76="Worked", IF(F76="Yes",2.6,2), 1), D76="Regular Working Holiday", IF(E76="Worked", IF(F76="Yes",2.6,2), 1), D76="Special Non-Working Holiday", IF(E76="Worked", IF(F76="Yes",1.5,1.3), 0), D76="Special Working Holiday", 1, D76="Regular", IF(F76="Yes", IF(E76="Worked",1.3,0), IF(E76="Worked",1,0) ) )} -> 0 | N76: {=_xlfn.IFS( F76="No", _xlfn.IFS( D76="Regular", 1.25, OR(D76="Special Working Holiday", D76="Special Non-Working Holiday"), 1.3*1.3, OR(D76="Regular Working Holiday", D76="Regular Non-Working Holiday"), 2*1.3 ), F76="Yes", _xlfn.IFS( D76="Regular", 1.3*1.3, OR(D76="Special Working Holiday", D76="Special Non-Working Holiday"), 1.5*1.3, OR(D76="Regular Working Holiday", D76="Regular Non-Working Holiday"), 2.6*1.3 ) )} -> 1.69 | O76: =IF(E76<>"",(G76*HPE*M76)+(N76*HPE*J76)+(K76*ND),"") -> 0 | P76: {=_xlfn.IFS( OR(DAY(B76)=5, DAY(B76)=20), "Cut-off", OR(DAY(B76)=6, DAY(B76)=21), "Start", OR( DAY(B76)=15, DAY(B76)=30, AND(MONTH(B76)=2,DAY(B76)=DAY(EOMONTH(B76,0))) ), "Payday", TRUE, "" )}
B77: 46145 | C77: May | D77: =_xlfn.XLOOKUP(B77,'Holidays 2026'!$A$2:$A$27,'Holidays 2026'!$G$2:$G$27,"Regular",0,1) -> Regular | E77: Rest Day | F77: =IF(OR(TEXT(B77,"dddd")="Saturday",TEXT(B77,"dddd")="Sunday"),"Yes","No") -> Yes | G77: {=_xlfn.IFS(OR(E77="Worked",E77="Approved Sick Leave",E77="Approved Vacation Leave",E77="Holiday"),8,E77="","",OR(E77="Absent",E77="Rest Day",E77="Sick Leave Without Pay",E77="Vacation Leave Without Pay"),0)} -> 0 | H77: 0 | I77: 0 | J77: 0 | K77: =IF(E77="Rest Day",0,"7") -> 0 | M77: {=_xlfn.IFS( OR(E77="Absent", E77="Sick Leave Without Pay", E77="Vacation Leave Without Pay", E77="Rest Day"), 0, OR(E77="Approved Sick Leave", E77="Approved Vacation Leave"), 1, D77="Regular Non-Working Holiday", IF(E77="Worked", IF(F77="Yes",2.6,2), 1), D77="Regular Working Holiday", IF(E77="Worked", IF(F77="Yes",2.6,2), 1), D77="Special Non-Working Holiday", IF(E77="Worked", IF(F77="Yes",1.5,1.3), 0), D77="Special Working Holiday", 1, D77="Regular", IF(F77="Yes", IF(E77="Worked",1.3,0), IF(E77="Worked",1,0) ) )} -> 0 | N77: {=_xlfn.IFS( F77="No", _xlfn.IFS( D77="Regular", 1.25, OR(D77="Special Working Holiday", D77="Special Non-Working Holiday"), 1.3*1.3, OR(D77="Regular Working Holiday", D77="Regular Non-Working Holiday"), 2*1.3 ), F77="Yes", _xlfn.IFS( D77="Regular", 1.3*1.3, OR(D77="Special Working Holiday", D77="Special Non-Working Holiday"), 1.5*1.3, OR(D77="Regular Working Holiday", D77="Regular Non-Working Holiday"), 2.6*1.3 ) )} -> 1.69 | O77: =IF(E77<>"",(G77*HPE*M77)+(N77*HPE*J77)+(K77*ND),"") -> 0 | P77: {=_xlfn.IFS( OR(DAY(B77)=5, DAY(B77)=20), "Cut-off", OR(DAY(B77)=6, DAY(B77)=21), "Start", OR( DAY(B77)=15, DAY(B77)=30, AND(MONTH(B77)=2,DAY(B77)=DAY(EOMONTH(B77,0))) ), "Payday", TRUE, "" )}
B78: 46146 | C78: May | D78: =_xlfn.XLOOKUP(B78,'Holidays 2026'!$A$2:$A$27,'Holidays 2026'!$G$2:$G$27,"Regular",0,1) -> Regular | E78: Approved Vacation Leave | F78: =IF(OR(TEXT(B78,"dddd")="Saturday",TEXT(B78,"dddd")="Sunday"),"Yes","No") -> No | G78: {=_xlfn.IFS(OR(E78="Worked",E78="Approved Sick Leave",E78="Approved Vacation Leave",E78="Holiday"),8,E78="","",OR(E78="Absent",E78="Rest Day",E78="Sick Leave Without Pay",E78="Vacation Leave Without Pay"),0)} -> 8 | H78: 0 | I78: 0 | J78: 0 | K78: =IF(E78="Rest Day",0,"7") -> 7 | M78: {=_xlfn.IFS( OR(E78="Absent", E78="Sick Leave Without Pay", E78="Vacation Leave Without Pay", E78="Rest Day"), 0, OR(E78="Approved Sick Leave", E78="Approved Vacation Leave"), 1, D78="Regular Non-Working Holiday", IF(E78="Worked", IF(F78="Yes",2.6,2), 1), D78="Regular Working Holiday", IF(E78="Worked", IF(F78="Yes",2.6,2), 1), D78="Special Non-Working Holiday", IF(E78="Worked", IF(F78="Yes",1.5,1.3), 0), D78="Special Working Holiday", 1, D78="Regular", IF(F78="Yes", IF(E78="Worked",1.3,0), IF(E78="Worked",1,0) ) )} -> 1 | N78: {=_xlfn.IFS( F78="No", _xlfn.IFS( D78="Regular", 1.25, OR(D78="Special Working Holiday", D78="Special Non-Working Holiday"), 1.3*1.3, OR(D78="Regular Working Holiday", D78="Regular Non-Working Holiday"), 2*1.3 ), F78="Yes", _xlfn.IFS( D78="Regular", 1.3*1.3, OR(D78="Special Working Holiday", D78="Special Non-Working Holiday"), 1.5*1.3, OR(D78="Regular Working Holiday", D78="Regular Non-Working Holiday"), 2.6*1.3 ) )} -> 1.25 | O78: =IF(E78<>"",(G78*HPE*M78)+(N78*HPE*J78)+(K78*ND),"") -> 800 | P78: {=_xlfn.IFS( OR(DAY(B78)=5, DAY(B78)=20), "Cut-off", OR(DAY(B78)=6, DAY(B78)=21), "Start", OR( DAY(B78)=15, DAY(B78)=30, AND(MONTH(B78)=2,DAY(B78)=DAY(EOMONTH(B78,0))) ), "Payday", TRUE, "" )}
B79: 46147 | C79: May | D79: =_xlfn.XLOOKUP(B79,'Holidays 2026'!$A$2:$A$27,'Holidays 2026'!$G$2:$G$27,"Regular",0,1) -> Regular | E79: Approved Vacation Leave | F79: =IF(OR(TEXT(B79,"dddd")="Saturday",TEXT(B79,"dddd")="Sunday"),"Yes","No") -> No | G79: {=_xlfn.IFS(OR(E79="Worked",E79="Approved Sick Leave",E79="Approved Vacation Leave",E79="Holiday"),8,E79="","",OR(E79="Absent",E79="Rest Day",E79="Sick Leave Without Pay",E79="Vacation Leave Without Pay"),0)} -> 8 | H79: 0 | I79: 0 | J79: 0 | K79: =IF(E79="Rest Day",0,"7") -> 7 | M79: {=_xlfn.IFS( OR(E79="Absent", E79="Sick Leave Without Pay", E79="Vacation Leave Without Pay", E79="Rest Day"), 0, OR(E79="Approved Sick Leave", E79="Approved Vacation Leave"), 1, D79="Regular Non-Working Holiday", IF(E79="Worked", IF(F79="Yes",2.6,2), 1), D79="Regular Working Holiday", IF(E79="Worked", IF(F79="Yes",2.6,2), 1), D79="Special Non-Working Holiday", IF(E79="Worked", IF(F79="Yes",1.5,1.3), 0), D79="Special Working Holiday", 1, D79="Regular", IF(F79="Yes", IF(E79="Worked",1.3,0), IF(E79="Worked",1,0) ) )} -> 1 | N79: {=_xlfn.IFS( F79="No", _xlfn.IFS( D79="Regular", 1.25, OR(D79="Special Working Holiday", D79="Special Non-Working Holiday"), 1.3*1.3, OR(D79="Regular Working Holiday", D79="Regular Non-Working Holiday"), 2*1.3 ), F79="Yes", _xlfn.IFS( D79="Regular", 1.3*1.3, OR(D79="Special Working Holiday", D79="Special Non-Working Holiday"), 1.5*1.3, OR(D79="Regular Working Holiday", D79="Regular Non-Working Holiday"), 2.6*1.3 ) )} -> 1.25 | O79: =IF(E79<>"",(G79*HPE*M79)+(N79*HPE*J79)+(K79*ND),"") -> 800 | P79: {=_xlfn.IFS( OR(DAY(B79)=5, DAY(B79)=20), "Cut-off", OR(DAY(B79)=6, DAY(B79)=21), "Start", OR( DAY(B79)=15, DAY(B79)=30, AND(MONTH(B79)=2,DAY(B79)=DAY(EOMONTH(B79,0))) ), "Payday", TRUE, "" )} -> Cut-off
B80: 46148 | C80: May | D80: =_xlfn.XLOOKUP(B80,'Holidays 2026'!$A$2:$A$27,'Holidays 2026'!$G$2:$G$27,"Regular",0,1) -> Regular | E80: Approved Vacation Leave | F80: =IF(OR(TEXT(B80,"dddd")="Saturday",TEXT(B80,"dddd")="Sunday"),"Yes","No") -> No | G80: {=_xlfn.IFS(OR(E80="Worked",E80="Approved Sick Leave",E80="Approved Vacation Leave",E80="Holiday"),8,E80="","",OR(E80="Absent",E80="Rest Day",E80="Sick Leave Without Pay",E80="Vacation Leave Without Pay"),0)} -> 8 | H80: 0 | I80: 0 | J80: 0 | K80: =IF(E80="Rest Day",0,"7") -> 7 | M80: {=_xlfn.IFS( OR(E80="Absent", E80="Sick Leave Without Pay", E80="Vacation Leave Without Pay", E80="Rest Day"), 0, OR(E80="Approved Sick Leave", E80="Approved Vacation Leave"), 1, D80="Regular Non-Working Holiday", IF(E80="Worked", IF(F80="Yes",2.6,2), 1), D80="Regular Working Holiday", IF(E80="Worked", IF(F80="Yes",2.6,2), 1), D80="Special Non-Working Holiday", IF(E80="Worked", IF(F80="Yes",1.5,1.3), 0), D80="Special Working Holiday", 1, D80="Regular", IF(F80="Yes", IF(E80="Worked",1.3,0), IF(E80="Worked",1,0) ) )} -> 1 | N80: {=_xlfn.IFS( F80="No", _xlfn.IFS( D80="Regular", 1.25, OR(D80="Special Working Holiday", D80="Special Non-Working Holiday"), 1.3*1.3, OR(D80="Regular Working Holiday", D80="Regular Non-Working Holiday"), 2*1.3 ), F80="Yes", _xlfn.IFS( D80="Regular", 1.3*1.3, OR(D80="Special Working Holiday", D80="Special Non-Working Holiday"), 1.5*1.3, OR(D80="Regular Working Holiday", D80="Regular Non-Working Holiday"), 2.6*1.3 ) )} -> 1.25 | O80: =IF(E80<>"",(G80*HPE*M80)+(N80*HPE*J80)+(K80*ND),"") -> 800 | P80: {=_xlfn.IFS( OR(DAY(B80)=5, DAY(B80)=20), "Cut-off", OR(DAY(B80)=6, DAY(B80)=21), "Start", OR( DAY(B80)=15, DAY(B80)=30, AND(MONTH(B80)=2,DAY(B80)=DAY(EOMONTH(B80,0))) ), "Payday", TRUE, "" )} -> Start
B81: 46149 | C81: May | D81: =_xlfn.XLOOKUP(B81,'Holidays 2026'!$A$2:$A$27,'Holidays 2026'!$G$2:$G$27,"Regular",0,1) -> Regular | E81: Worked | F81: =IF(OR(TEXT(B81,"dddd")="Saturday",TEXT(B81,"dddd")="Sunday"),"Yes","No") -> No | G81: {=_xlfn.IFS(OR(E81="Worked",E81="Approved Sick Leave",E81="Approved Vacation Leave",E81="Holiday"),8,E81="","",OR(E81="Absent",E81="Rest Day",E81="Sick Leave Without Pay",E81="Vacation Leave Without Pay"),0)} -> 8 | H81: 0 | I81: 0 | J81: 0 | K81: =IF(E81="Rest Day",0,"7") -> 7 | M81: {=_xlfn.IFS( OR(E81="Absent", E81="Sick Leave Without Pay", E81="Vacation Leave Without Pay", E81="Rest Day"), 0, OR(E81="Approved Sick Leave", E81="Approved Vacation Leave"), 1, D81="Regular Non-Working Holiday", IF(E81="Worked", IF(F81="Yes",2.6,2), 1), D81="Regular Working Holiday", IF(E81="Worked", IF(F81="Yes",2.6,2), 1), D81="Special Non-Working Holiday", IF(E81="Worked", IF(F81="Yes",1.5,1.3), 0), D81="Special Working Holiday", 1, D81="Regular", IF(F81="Yes", IF(E81="Worked",1.3,0), IF(E81="Worked",1,0) ) )} -> 1 | N81: {=_xlfn.IFS( F81="No", _xlfn.IFS( D81="Regular", 1.25, OR(D81="Special Working Holiday", D81="Special Non-Working Holiday"), 1.3*1.3, OR(D81="Regular Working Holiday", D81="Regular Non-Working Holiday"), 2*1.3 ), F81="Yes", _xlfn.IFS( D81="Regular", 1.3*1.3, OR(D81="Special Working Holiday", D81="Special Non-Working Holiday"), 1.5*1.3, OR(D81="Regular Working Holiday", D81="Regular Non-Working Holiday"), 2.6*1.3 ) )} -> 1.25 | O81: =IF(E81<>"",(G81*HPE*M81)+(N81*HPE*J81)+(K81*ND),"") -> 800 | P81: {=_xlfn.IFS( OR(DAY(B81)=5, DAY(B81)=20), "Cut-off", OR(DAY(B81)=6, DAY(B81)=21), "Start", OR( DAY(B81)=15, DAY(B81)=30, AND(MONTH(B81)=2,DAY(B81)=DAY(EOMONTH(B81,0))) ), "Payday", TRUE, "" )}
B82: 46150 | C82: May | D82: =_xlfn.XLOOKUP(B82,'Holidays 2026'!$A$2:$A$27,'Holidays 2026'!$G$2:$G$27,"Regular",0,1) -> Regular | E82: Worked | F82: =IF(OR(TEXT(B82,"dddd")="Saturday",TEXT(B82,"dddd")="Sunday"),"Yes","No") -> No | G82: {=_xlfn.IFS(OR(E82="Worked",E82="Approved Sick Leave",E82="Approved Vacation Leave",E82="Holiday"),8,E82="","",OR(E82="Absent",E82="Rest Day",E82="Sick Leave Without Pay",E82="Vacation Leave Without Pay"),0)} -> 8 | H82: 0 | I82: 0 | J82: 0 | K82: =IF(E82="Rest Day",0,"7") -> 7 | M82: {=_xlfn.IFS( OR(E82="Absent", E82="Sick Leave Without Pay", E82="Vacation Leave Without Pay", E82="Rest Day"), 0, OR(E82="Approved Sick Leave", E82="Approved Vacation Leave"), 1, D82="Regular Non-Working Holiday", IF(E82="Worked", IF(F82="Yes",2.6,2), 1), D82="Regular Working Holiday", IF(E82="Worked", IF(F82="Yes",2.6,2), 1), D82="Special Non-Working Holiday", IF(E82="Worked", IF(F82="Yes",1.5,1.3), 0), D82="Special Working Holiday", 1, D82="Regular", IF(F82="Yes", IF(E82="Worked",1.3,0), IF(E82="Worked",1,0) ) )} -> 1 | N82: {=_xlfn.IFS( F82="No", _xlfn.IFS( D82="Regular", 1.25, OR(D82="Special Working Holiday", D82="Special Non-Working Holiday"), 1.3*1.3, OR(D82="Regular Working Holiday", D82="Regular Non-Working Holiday"), 2*1.3 ), F82="Yes", _xlfn.IFS( D82="Regular", 1.3*1.3, OR(D82="Special Working Holiday", D82="Special Non-Working Holiday"), 1.5*1.3, OR(D82="Regular Working Holiday", D82="Regular Non-Working Holiday"), 2.6*1.3 ) )} -> 1.25 | O82: =IF(E82<>"",(G82*HPE*M82)+(N82*HPE*J82)+(K82*ND),"") -> 800 | P82: {=_xlfn.IFS( OR(DAY(B82)=5, DAY(B82)=20), "Cut-off", OR(DAY(B82)=6, DAY(B82)=21), "Start", OR( DAY(B82)=15, DAY(B82)=30, AND(MONTH(B82)=2,DAY(B82)=DAY(EOMONTH(B82,0))) ), "Payday", TRUE, "" )}
B83: 46151 | C83: May | D83: =_xlfn.XLOOKUP(B83,'Holidays 2026'!$A$2:$A$27,'Holidays 2026'!$G$2:$G$27,"Regular",0,1) -> Regular | E83: Rest Day | F83: =IF(OR(TEXT(B83,"dddd")="Saturday",TEXT(B83,"dddd")="Sunday"),"Yes","No") -> Yes | G83: {=_xlfn.IFS(OR(E83="Worked",E83="Approved Sick Leave",E83="Approved Vacation Leave",E83="Holiday"),8,E83="","",OR(E83="Absent",E83="Rest Day",E83="Sick Leave Without Pay",E83="Vacation Leave Without Pay"),0)} -> 0 | H83: 0 | I83: 0 | J83: 0 | K83: =IF(E83="Rest Day",0,"7") -> 0 | M83: {=_xlfn.IFS( OR(E83="Absent", E83="Sick Leave Without Pay", E83="Vacation Leave Without Pay", E83="Rest Day"), 0, OR(E83="Approved Sick Leave", E83="Approved Vacation Leave"), 1, D83="Regular Non-Working Holiday", IF(E83="Worked", IF(F83="Yes",2.6,2), 1), D83="Regular Working Holiday", IF(E83="Worked", IF(F83="Yes",2.6,2), 1), D83="Special Non-Working Holiday", IF(E83="Worked", IF(F83="Yes",1.5,1.3), 0), D83="Special Working Holiday", 1, D83="Regular", IF(F83="Yes", IF(E83="Worked",1.3,0), IF(E83="Worked",1,0) ) )} -> 0 | N83: {=_xlfn.IFS( F83="No", _xlfn.IFS( D83="Regular", 1.25, OR(D83="Special Working Holiday", D83="Special Non-Working Holiday"), 1.3*1.3, OR(D83="Regular Working Holiday", D83="Regular Non-Working Holiday"), 2*1.3 ), F83="Yes", _xlfn.IFS( D83="Regular", 1.3*1.3, OR(D83="Special Working Holiday", D83="Special Non-Working Holiday"), 1.5*1.3, OR(D83="Regular Working Holiday", D83="Regular Non-Working Holiday"), 2.6*1.3 ) )} -> 1.69 | O83: =IF(E83<>"",(G83*HPE*M83)+(N83*HPE*J83)+(K83*ND),"") -> 0 | P83: {=_xlfn.IFS( OR(DAY(B83)=5, DAY(B83)=20), "Cut-off", OR(DAY(B83)=6, DAY(B83)=21), "Start", OR( DAY(B83)=15, DAY(B83)=30, AND(MONTH(B83)=2,DAY(B83)=DAY(EOMONTH(B83,0))) ), "Payday", TRUE, "" )}
B84: 46152 | C84: May | D84: =_xlfn.XLOOKUP(B84,'Holidays 2026'!$A$2:$A$27,'Holidays 2026'!$G$2:$G$27,"Regular",0,1) -> Regular | E84: Rest Day | F84: =IF(OR(TEXT(B84,"dddd")="Saturday",TEXT(B84,"dddd")="Sunday"),"Yes","No") -> Yes | G84: {=_xlfn.IFS(OR(E84="Worked",E84="Approved Sick Leave",E84="Approved Vacation Leave",E84="Holiday"),8,E84="","",OR(E84="Absent",E84="Rest Day",E84="Sick Leave Without Pay",E84="Vacation Leave Without Pay"),0)} -> 0 | H84: 0 | I84: 0 | J84: 0 | K84: =IF(E84="Rest Day",0,"7") -> 0 | M84: {=_xlfn.IFS( OR(E84="Absent", E84="Sick Leave Without Pay", E84="Vacation Leave Without Pay", E84="Rest Day"), 0, OR(E84="Approved Sick Leave", E84="Approved Vacation Leave"), 1, D84="Regular Non-Working Holiday", IF(E84="Worked", IF(F84="Yes",2.6,2), 1), D84="Regular Working Holiday", IF(E84="Worked", IF(F84="Yes",2.6,2), 1), D84="Special Non-Working Holiday", IF(E84="Worked", IF(F84="Yes",1.5,1.3), 0), D84="Special Working Holiday", 1, D84="Regular", IF(F84="Yes", IF(E84="Worked",1.3,0), IF(E84="Worked",1,0) ) )} -> 0 | N84: {=_xlfn.IFS( F84="No", _xlfn.IFS( D84="Regular", 1.25, OR(D84="Special Working Holiday", D84="Special Non-Working Holiday"), 1.3*1.3, OR(D84="Regular Working Holiday", D84="Regular Non-Working Holiday"), 2*1.3 ), F84="Yes", _xlfn.IFS( D84="Regular", 1.3*1.3, OR(D84="Special Working Holiday", D84="Special Non-Working Holiday"), 1.5*1.3, OR(D84="Regular Working Holiday", D84="Regular Non-Working Holiday"), 2.6*1.3 ) )} -> 1.69 | O84: =IF(E84<>"",(G84*HPE*M84)+(N84*HPE*J84)+(K84*ND),"") -> 0 | P84: {=_xlfn.IFS( OR(DAY(B84)=5, DAY(B84)=20), "Cut-off", OR(DAY(B84)=6, DAY(B84)=21), "Start", OR( DAY(B84)=15, DAY(B84)=30, AND(MONTH(B84)=2,DAY(B84)=DAY(EOMONTH(B84,0))) ), "Payday", TRUE, "" )}
B85: 46153 | C85: May | D85: =_xlfn.XLOOKUP(B85,'Holidays 2026'!$A$2:$A$27,'Holidays 2026'!$G$2:$G$27,"Regular",0,1) -> Regular | E85: Worked | F85: =IF(OR(TEXT(B85,"dddd")="Saturday",TEXT(B85,"dddd")="Sunday"),"Yes","No") -> No | G85: {=_xlfn.IFS(OR(E85="Worked",E85="Approved Sick Leave",E85="Approved Vacation Leave",E85="Holiday"),8,E85="","",OR(E85="Absent",E85="Rest Day",E85="Sick Leave Without Pay",E85="Vacation Leave Without Pay"),0)} -> 8 | H85: 0 | I85: 0 | J85: 0 | K85: =IF(E85="Rest Day",0,"7") -> 7 | M85: {=_xlfn.IFS( OR(E85="Absent", E85="Sick Leave Without Pay", E85="Vacation Leave Without Pay", E85="Rest Day"), 0, OR(E85="Approved Sick Leave", E85="Approved Vacation Leave"), 1, D85="Regular Non-Working Holiday", IF(E85="Worked", IF(F85="Yes",2.6,2), 1), D85="Regular Working Holiday", IF(E85="Worked", IF(F85="Yes",2.6,2), 1), D85="Special Non-Working Holiday", IF(E85="Worked", IF(F85="Yes",1.5,1.3), 0), D85="Special Working Holiday", 1, D85="Regular", IF(F85="Yes", IF(E85="Worked",1.3,0), IF(E85="Worked",1,0) ) )} -> 1 | N85: {=_xlfn.IFS( F85="No", _xlfn.IFS( D85="Regular", 1.25, OR(D85="Special Working Holiday", D85="Special Non-Working Holiday"), 1.3*1.3, OR(D85="Regular Working Holiday", D85="Regular Non-Working Holiday"), 2*1.3 ), F85="Yes", _xlfn.IFS( D85="Regular", 1.3*1.3, OR(D85="Special Working Holiday", D85="Special Non-Working Holiday"), 1.5*1.3, OR(D85="Regular Working Holiday", D85="Regular Non-Working Holiday"), 2.6*1.3 ) )} -> 1.25 | O85: =IF(E85<>"",(G85*HPE*M85)+(N85*HPE*J85)+(K85*ND),"") -> 800 | P85: {=_xlfn.IFS( OR(DAY(B85)=5, DAY(B85)=20), "Cut-off", OR(DAY(B85)=6, DAY(B85)=21), "Start", OR( DAY(B85)=15, DAY(B85)=30, AND(MONTH(B85)=2,DAY(B85)=DAY(EOMONTH(B85,0))) ), "Payday", TRUE, "" )}
B86: 46154 | C86: May | D86: =_xlfn.XLOOKUP(B86,'Holidays 2026'!$A$2:$A$27,'Holidays 2026'!$G$2:$G$27,"Regular",0,1) -> Regular | E86: Worked | F86: =IF(OR(TEXT(B86,"dddd")="Saturday",TEXT(B86,"dddd")="Sunday"),"Yes","No") -> No | G86: {=_xlfn.IFS(OR(E86="Worked",E86="Approved Sick Leave",E86="Approved Vacation Leave",E86="Holiday"),8,E86="","",OR(E86="Absent",E86="Rest Day",E86="Sick Leave Without Pay",E86="Vacation Leave Without Pay"),0)} -> 8 | H86: 0 | I86: 0 | J86: 0 | K86: =IF(E86="Rest Day",0,"7") -> 7 | M86: {=_xlfn.IFS( OR(E86="Absent", E86="Sick Leave Without Pay", E86="Vacation Leave Without Pay", E86="Rest Day"), 0, OR(E86="Approved Sick Leave", E86="Approved Vacation Leave"), 1, D86="Regular Non-Working Holiday", IF(E86="Worked", IF(F86="Yes",2.6,2), 1), D86="Regular Working Holiday", IF(E86="Worked", IF(F86="Yes",2.6,2), 1), D86="Special Non-Working Holiday", IF(E86="Worked", IF(F86="Yes",1.5,1.3), 0), D86="Special Working Holiday", 1, D86="Regular", IF(F86="Yes", IF(E86="Worked",1.3,0), IF(E86="Worked",1,0) ) )} -> 1 | N86: {=_xlfn.IFS( F86="No", _xlfn.IFS( D86="Regular", 1.25, OR(D86="Special Working Holiday", D86="Special Non-Working Holiday"), 1.3*1.3, OR(D86="Regular Working Holiday", D86="Regular Non-Working Holiday"), 2*1.3 ), F86="Yes", _xlfn.IFS( D86="Regular", 1.3*1.3, OR(D86="Special Working Holiday", D86="Special Non-Working Holiday"), 1.5*1.3, OR(D86="Regular Working Holiday", D86="Regular Non-Working Holiday"), 2.6*1.3 ) )} -> 1.25 | O86: =IF(E86<>"",(G86*HPE*M86)+(N86*HPE*J86)+(K86*ND),"") -> 800 | P86: {=_xlfn.IFS( OR(DAY(B86)=5, DAY(B86)=20), "Cut-off", OR(DAY(B86)=6, DAY(B86)=21), "Start", OR( DAY(B86)=15, DAY(B86)=30, AND(MONTH(B86)=2,DAY(B86)=DAY(EOMONTH(B86,0))) ), "Payday", TRUE, "" )}
B87: 46155 | C87: May | D87: =_xlfn.XLOOKUP(B87,'Holidays 2026'!$A$2:$A$27,'Holidays 2026'!$G$2:$G$27,"Regular",0,1) -> Regular | E87: Worked | F87: =IF(OR(TEXT(B87,"dddd")="Saturday",TEXT(B87,"dddd")="Sunday"),"Yes","No") -> No | G87: {=_xlfn.IFS(OR(E87="Worked",E87="Approved Sick Leave",E87="Approved Vacation Leave",E87="Holiday"),8,E87="","",OR(E87="Absent",E87="Rest Day",E87="Sick Leave Without Pay",E87="Vacation Leave Without Pay"),0)} -> 8 | H87: 0 | I87: 0 | J87: 0 | K87: =IF(E87="Rest Day",0,"7") -> 7 | M87: {=_xlfn.IFS( OR(E87="Absent", E87="Sick Leave Without Pay", E87="Vacation Leave Without Pay", E87="Rest Day"), 0, OR(E87="Approved Sick Leave", E87="Approved Vacation Leave"), 1, D87="Regular Non-Working Holiday", IF(E87="Worked", IF(F87="Yes",2.6,2), 1), D87="Regular Working Holiday", IF(E87="Worked", IF(F87="Yes",2.6,2), 1), D87="Special Non-Working Holiday", IF(E87="Worked", IF(F87="Yes",1.5,1.3), 0), D87="Special Working Holiday", 1, D87="Regular", IF(F87="Yes", IF(E87="Worked",1.3,0), IF(E87="Worked",1,0) ) )} -> 1 | N87: {=_xlfn.IFS( F87="No", _xlfn.IFS( D87="Regular", 1.25, OR(D87="Special Working Holiday", D87="Special Non-Working Holiday"), 1.3*1.3, OR(D87="Regular Working Holiday", D87="Regular Non-Working Holiday"), 2*1.3 ), F87="Yes", _xlfn.IFS( D87="Regular", 1.3*1.3, OR(D87="Special Working Holiday", D87="Special Non-Working Holiday"), 1.5*1.3, OR(D87="Regular Working Holiday", D87="Regular Non-Working Holiday"), 2.6*1.3 ) )} -> 1.25 | O87: =IF(E87<>"",(G87*HPE*M87)+(N87*HPE*J87)+(K87*ND),"") -> 800 | P87: {=_xlfn.IFS( OR(DAY(B87)=5, DAY(B87)=20), "Cut-off", OR(DAY(B87)=6, DAY(B87)=21), "Start", OR( DAY(B87)=15, DAY(B87)=30, AND(MONTH(B87)=2,DAY(B87)=DAY(EOMONTH(B87,0))) ), "Payday", TRUE, "" )}
B88: 46156 | C88: May | D88: =_xlfn.XLOOKUP(B88,'Holidays 2026'!$A$2:$A$27,'Holidays 2026'!$G$2:$G$27,"Regular",0,1) -> Regular | E88: Worked | F88: =IF(OR(TEXT(B88,"dddd")="Saturday",TEXT(B88,"dddd")="Sunday"),"Yes","No") -> No | G88: {=_xlfn.IFS(OR(E88="Worked",E88="Approved Sick Leave",E88="Approved Vacation Leave",E88="Holiday"),8,E88="","",OR(E88="Absent",E88="Rest Day",E88="Sick Leave Without Pay",E88="Vacation Leave Without Pay"),0)} -> 8 | H88: 0 | I88: 0 | J88: 0 | K88: =IF(E88="Rest Day",0,"7") -> 7 | M88: {=_xlfn.IFS( OR(E88="Absent", E88="Sick Leave Without Pay", E88="Vacation Leave Without Pay", E88="Rest Day"), 0, OR(E88="Approved Sick Leave", E88="Approved Vacation Leave"), 1, D88="Regular Non-Working Holiday", IF(E88="Worked", IF(F88="Yes",2.6,2), 1), D88="Regular Working Holiday", IF(E88="Worked", IF(F88="Yes",2.6,2), 1), D88="Special Non-Working Holiday", IF(E88="Worked", IF(F88="Yes",1.5,1.3), 0), D88="Special Working Holiday", 1, D88="Regular", IF(F88="Yes", IF(E88="Worked",1.3,0), IF(E88="Worked",1,0) ) )} -> 1 | N88: {=_xlfn.IFS( F88="No", _xlfn.IFS( D88="Regular", 1.25, OR(D88="Special Working Holiday", D88="Special Non-Working Holiday"), 1.3*1.3, OR(D88="Regular Working Holiday", D88="Regular Non-Working Holiday"), 2*1.3 ), F88="Yes", _xlfn.IFS( D88="Regular", 1.3*1.3, OR(D88="Special Working Holiday", D88="Special Non-Working Holiday"), 1.5*1.3, OR(D88="Regular Working Holiday", D88="Regular Non-Working Holiday"), 2.6*1.3 ) )} -> 1.25 | O88: =IF(E88<>"",(G88*HPE*M88)+(N88*HPE*J88)+(K88*ND),"") -> 800 | P88: {=_xlfn.IFS( OR(DAY(B88)=5, DAY(B88)=20), "Cut-off", OR(DAY(B88)=6, DAY(B88)=21), "Start", OR( DAY(B88)=15, DAY(B88)=30, AND(MONTH(B88)=2,DAY(B88)=DAY(EOMONTH(B88,0))) ), "Payday", TRUE, "" )}
B89: 46157 | C89: May | D89: =_xlfn.XLOOKUP(B89,'Holidays 2026'!$A$2:$A$27,'Holidays 2026'!$G$2:$G$27,"Regular",0,1) -> Regular | E89: Worked | F89: =IF(OR(TEXT(B89,"dddd")="Saturday",TEXT(B89,"dddd")="Sunday"),"Yes","No") -> No | G89: {=_xlfn.IFS(OR(E89="Worked",E89="Approved Sick Leave",E89="Approved Vacation Leave",E89="Holiday"),8,E89="","",OR(E89="Absent",E89="Rest Day",E89="Sick Leave Without Pay",E89="Vacation Leave Without Pay"),0)} -> 8 | H89: 0 | I89: 0 | J89: 0 | K89: =IF(E89="Rest Day",0,"7") -> 7 | M89: {=_xlfn.IFS( OR(E89="Absent", E89="Sick Leave Without Pay", E89="Vacation Leave Without Pay", E89="Rest Day"), 0, OR(E89="Approved Sick Leave", E89="Approved Vacation Leave"), 1, D89="Regular Non-Working Holiday", IF(E89="Worked", IF(F89="Yes",2.6,2), 1), D89="Regular Working Holiday", IF(E89="Worked", IF(F89="Yes",2.6,2), 1), D89="Special Non-Working Holiday", IF(E89="Worked", IF(F89="Yes",1.5,1.3), 0), D89="Special Working Holiday", 1, D89="Regular", IF(F89="Yes", IF(E89="Worked",1.3,0), IF(E89="Worked",1,0) ) )} -> 1 | N89: {=_xlfn.IFS( F89="No", _xlfn.IFS( D89="Regular", 1.25, OR(D89="Special Working Holiday", D89="Special Non-Working Holiday"), 1.3*1.3, OR(D89="Regular Working Holiday", D89="Regular Non-Working Holiday"), 2*1.3 ), F89="Yes", _xlfn.IFS( D89="Regular", 1.3*1.3, OR(D89="Special Working Holiday", D89="Special Non-Working Holiday"), 1.5*1.3, OR(D89="Regular Working Holiday", D89="Regular Non-Working Holiday"), 2.6*1.3 ) )} -> 1.25 | O89: =IF(E89<>"",(G89*HPE*M89)+(N89*HPE*J89)+(K89*ND),"") -> 800 | P89: {=_xlfn.IFS( OR(DAY(B89)=5, DAY(B89)=20), "Cut-off", OR(DAY(B89)=6, DAY(B89)=21), "Start", OR( DAY(B89)=15, DAY(B89)=30, AND(MONTH(B89)=2,DAY(B89)=DAY(EOMONTH(B89,0))) ), "Payday", TRUE, "" )} -> Payday | Q89: =SUM(O65:O79) -> 9535.6322
B90: 46158 | C90: May | D90: =_xlfn.XLOOKUP(B90,'Holidays 2026'!$A$2:$A$27,'Holidays 2026'!$G$2:$G$27,"Regular",0,1) -> Regular | E90: Rest Day | F90: =IF(OR(TEXT(B90,"dddd")="Saturday",TEXT(B90,"dddd")="Sunday"),"Yes","No") -> Yes | G90: {=_xlfn.IFS(OR(E90="Worked",E90="Approved Sick Leave",E90="Approved Vacation Leave",E90="Holiday"),8,E90="","",OR(E90="Absent",E90="Rest Day",E90="Sick Leave Without Pay",E90="Vacation Leave Without Pay"),0)} -> 0 | H90: 0 | I90: 0 | J90: 0 | K90: =IF(E90="Rest Day",0,"7") -> 0 | M90: {=_xlfn.IFS( OR(E90="Absent", E90="Sick Leave Without Pay", E90="Vacation Leave Without Pay", E90="Rest Day"), 0, OR(E90="Approved Sick Leave", E90="Approved Vacation Leave"), 1, D90="Regular Non-Working Holiday", IF(E90="Worked", IF(F90="Yes",2.6,2), 1), D90="Regular Working Holiday", IF(E90="Worked", IF(F90="Yes",2.6,2), 1), D90="Special Non-Working Holiday", IF(E90="Worked", IF(F90="Yes",1.5,1.3), 0), D90="Special Working Holiday", 1, D90="Regular", IF(F90="Yes", IF(E90="Worked",1.3,0), IF(E90="Worked",1,0) ) )} -> 0 | N90: {=_xlfn.IFS( F90="No", _xlfn.IFS( D90="Regular", 1.25, OR(D90="Special Working Holiday", D90="Special Non-Working Holiday"), 1.3*1.3, OR(D90="Regular Working Holiday", D90="Regular Non-Working Holiday"), 2*1.3 ), F90="Yes", _xlfn.IFS( D90="Regular", 1.3*1.3, OR(D90="Special Working Holiday", D90="Special Non-Working Holiday"), 1.5*1.3, OR(D90="Regular Working Holiday", D90="Regular Non-Working Holiday"), 2.6*1.3 ) )} -> 1.69 | O90: =IF(E90<>"",(G90*HPE*M90)+(N90*HPE*J90)+(K90*ND),"") -> 0 | P90: {=_xlfn.IFS( OR(DAY(B90)=5, DAY(B90)=20), "Cut-off", OR(DAY(B90)=6, DAY(B90)=21), "Start", OR( DAY(B90)=15, DAY(B90)=30, AND(MONTH(B90)=2,DAY(B90)=DAY(EOMONTH(B90,0))) ), "Payday", TRUE, "" )}
B91: 46159 | C91: May | D91: =_xlfn.XLOOKUP(B91,'Holidays 2026'!$A$2:$A$27,'Holidays 2026'!$G$2:$G$27,"Regular",0,1) -> Regular | E91: Rest Day | F91: =IF(OR(TEXT(B91,"dddd")="Saturday",TEXT(B91,"dddd")="Sunday"),"Yes","No") -> Yes | G91: {=_xlfn.IFS(OR(E91="Worked",E91="Approved Sick Leave",E91="Approved Vacation Leave",E91="Holiday"),8,E91="","",OR(E91="Absent",E91="Rest Day",E91="Sick Leave Without Pay",E91="Vacation Leave Without Pay"),0)} -> 0 | H91: 0 | I91: 0 | J91: 0 | K91: =IF(E91="Rest Day",0,"7") -> 0 | M91: {=_xlfn.IFS( OR(E91="Absent", E91="Sick Leave Without Pay", E91="Vacation Leave Without Pay", E91="Rest Day"), 0, OR(E91="Approved Sick Leave", E91="Approved Vacation Leave"), 1, D91="Regular Non-Working Holiday", IF(E91="Worked", IF(F91="Yes",2.6,2), 1), D91="Regular Working Holiday", IF(E91="Worked", IF(F91="Yes",2.6,2), 1), D91="Special Non-Working Holiday", IF(E91="Worked", IF(F91="Yes",1.5,1.3), 0), D91="Special Working Holiday", 1, D91="Regular", IF(F91="Yes", IF(E91="Worked",1.3,0), IF(E91="Worked",1,0) ) )} -> 0 | N91: {=_xlfn.IFS( F91="No", _xlfn.IFS( D91="Regular", 1.25, OR(D91="Special Working Holiday", D91="Special Non-Working Holiday"), 1.3*1.3, OR(D91="Regular Working Holiday", D91="Regular Non-Working Holiday"), 2*1.3 ), F91="Yes", _xlfn.IFS( D91="Regular", 1.3*1.3, OR(D91="Special Working Holiday", D91="Special Non-Working Holiday"), 1.5*1.3, OR(D91="Regular Working Holiday", D91="Regular Non-Working Holiday"), 2.6*1.3 ) )} -> 1.69 | O91: =IF(E91<>"",(G91*HPE*M91)+(N91*HPE*J91)+(K91*ND),"") -> 0 | P91: {=_xlfn.IFS( OR(DAY(B91)=5, DAY(B91)=20), "Cut-off", OR(DAY(B91)=6, DAY(B91)=21), "Start", OR( DAY(B91)=15, DAY(B91)=30, AND(MONTH(B91)=2,DAY(B91)=DAY(EOMONTH(B91,0))) ), "Payday", TRUE, "" )}
B92: 46160 | C92: May | D92: =_xlfn.XLOOKUP(B92,'Holidays 2026'!$A$2:$A$27,'Holidays 2026'!$G$2:$G$27,"Regular",0,1) -> Regular | E92: Worked | F92: =IF(OR(TEXT(B92,"dddd")="Saturday",TEXT(B92,"dddd")="Sunday"),"Yes","No") -> No | G92: {=_xlfn.IFS(OR(E92="Worked",E92="Approved Sick Leave",E92="Approved Vacation Leave",E92="Holiday"),8,E92="","",OR(E92="Absent",E92="Rest Day",E92="Sick Leave Without Pay",E92="Vacation Leave Without Pay"),0)} -> 8 | H92: 0 | I92: 0 | J92: 0 | K92: =IF(E92="Rest Day",0,"7") -> 7 | M92: {=_xlfn.IFS( OR(E92="Absent", E92="Sick Leave Without Pay", E92="Vacation Leave Without Pay", E92="Rest Day"), 0, OR(E92="Approved Sick Leave", E92="Approved Vacation Leave"), 1, D92="Regular Non-Working Holiday", IF(E92="Worked", IF(F92="Yes",2.6,2), 1), D92="Regular Working Holiday", IF(E92="Worked", IF(F92="Yes",2.6,2), 1), D92="Special Non-Working Holiday", IF(E92="Worked", IF(F92="Yes",1.5,1.3), 0), D92="Special Working Holiday", 1, D92="Regular", IF(F92="Yes", IF(E92="Worked",1.3,0), IF(E92="Worked",1,0) ) )} -> 1 | N92: {=_xlfn.IFS( F92="No", _xlfn.IFS( D92="Regular", 1.25, OR(D92="Special Working Holiday", D92="Special Non-Working Holiday"), 1.3*1.3, OR(D92="Regular Working Holiday", D92="Regular Non-Working Holiday"), 2*1.3 ), F92="Yes", _xlfn.IFS( D92="Regular", 1.3*1.3, OR(D92="Special Working Holiday", D92="Special Non-Working Holiday"), 1.5*1.3, OR(D92="Regular Working Holiday", D92="Regular Non-Working Holiday"), 2.6*1.3 ) )} -> 1.25 | O92: =IF(E92<>"",(G92*HPE*M92)+(N92*HPE*J92)+(K92*ND),"") -> 800 | P92: {=_xlfn.IFS( OR(DAY(B92)=5, DAY(B92)=20), "Cut-off", OR(DAY(B92)=6, DAY(B92)=21), "Start", OR( DAY(B92)=15, DAY(B92)=30, AND(MONTH(B92)=2,DAY(B92)=DAY(EOMONTH(B92,0))) ), "Payday", TRUE, "" )}
B93: 46161 | C93: May | D93: =_xlfn.XLOOKUP(B93,'Holidays 2026'!$A$2:$A$27,'Holidays 2026'!$G$2:$G$27,"Regular",0,1) -> Regular | E93: Worked | F93: =IF(OR(TEXT(B93,"dddd")="Saturday",TEXT(B93,"dddd")="Sunday"),"Yes","No") -> No | G93: {=_xlfn.IFS(OR(E93="Worked",E93="Approved Sick Leave",E93="Approved Vacation Leave",E93="Holiday"),8,E93="","",OR(E93="Absent",E93="Rest Day",E93="Sick Leave Without Pay",E93="Vacation Leave Without Pay"),0)} -> 8 | H93: 0 | I93: 0 | J93: 0 | K93: =IF(E93="Rest Day",0,"7") -> 7 | M93: {=_xlfn.IFS( OR(E93="Absent", E93="Sick Leave Without Pay", E93="Vacation Leave Without Pay", E93="Rest Day"), 0, OR(E93="Approved Sick Leave", E93="Approved Vacation Leave"), 1, D93="Regular Non-Working Holiday", IF(E93="Worked", IF(F93="Yes",2.6,2), 1), D93="Regular Working Holiday", IF(E93="Worked", IF(F93="Yes",2.6,2), 1), D93="Special Non-Working Holiday", IF(E93="Worked", IF(F93="Yes",1.5,1.3), 0), D93="Special Working Holiday", 1, D93="Regular", IF(F93="Yes", IF(E93="Worked",1.3,0), IF(E93="Worked",1,0) ) )} -> 1 | N93: {=_xlfn.IFS( F93="No", _xlfn.IFS( D93="Regular", 1.25, OR(D93="Special Working Holiday", D93="Special Non-Working Holiday"), 1.3*1.3, OR(D93="Regular Working Holiday", D93="Regular Non-Working Holiday"), 2*1.3 ), F93="Yes", _xlfn.IFS( D93="Regular", 1.3*1.3, OR(D93="Special Working Holiday", D93="Special Non-Working Holiday"), 1.5*1.3, OR(D93="Regular Working Holiday", D93="Regular Non-Working Holiday"), 2.6*1.3 ) )} -> 1.25 | O93: =IF(E93<>"",(G93*HPE*M93)+(N93*HPE*J93)+(K93*ND),"") -> 800 | P93: {=_xlfn.IFS( OR(DAY(B93)=5, DAY(B93)=20), "Cut-off", OR(DAY(B93)=6, DAY(B93)=21), "Start", OR( DAY(B93)=15, DAY(B93)=30, AND(MONTH(B93)=2,DAY(B93)=DAY(EOMONTH(B93,0))) ), "Payday", TRUE, "" )}
B94: 46162 | C94: May | D94: =_xlfn.XLOOKUP(B94,'Holidays 2026'!$A$2:$A$27,'Holidays 2026'!$G$2:$G$27,"Regular",0,1) -> Regular | E94: Worked | F94: =IF(OR(TEXT(B94,"dddd")="Saturday",TEXT(B94,"dddd")="Sunday"),"Yes","No") -> No | G94: {=_xlfn.IFS(OR(E94="Worked",E94="Approved Sick Leave",E94="Approved Vacation Leave",E94="Holiday"),8,E94="","",OR(E94="Absent",E94="Rest Day",E94="Sick Leave Without Pay",E94="Vacation Leave Without Pay"),0)} -> 8 | H94: 0 | I94: 0 | J94: 0 | K94: =IF(E94="Rest Day",0,"7") -> 7 | M94: {=_xlfn.IFS( OR(E94="Absent", E94="Sick Leave Without Pay", E94="Vacation Leave Without Pay", E94="Rest Day"), 0, OR(E94="Approved Sick Leave", E94="Approved Vacation Leave"), 1, D94="Regular Non-Working Holiday", IF(E94="Worked", IF(F94="Yes",2.6,2), 1), D94="Regular Working Holiday", IF(E94="Worked", IF(F94="Yes",2.6,2), 1), D94="Special Non-Working Holiday", IF(E94="Worked", IF(F94="Yes",1.5,1.3), 0), D94="Special Working Holiday", 1, D94="Regular", IF(F94="Yes", IF(E94="Worked",1.3,0), IF(E94="Worked",1,0) ) )} -> 1 | N94: {=_xlfn.IFS( F94="No", _xlfn.IFS( D94="Regular", 1.25, OR(D94="Special Working Holiday", D94="Special Non-Working Holiday"), 1.3*1.3, OR(D94="Regular Working Holiday", D94="Regular Non-Working Holiday"), 2*1.3 ), F94="Yes", _xlfn.IFS( D94="Regular", 1.3*1.3, OR(D94="Special Working Holiday", D94="Special Non-Working Holiday"), 1.5*1.3, OR(D94="Regular Working Holiday", D94="Regular Non-Working Holiday"), 2.6*1.3 ) )} -> 1.25 | O94: =IF(E94<>"",(G94*HPE*M94)+(N94*HPE*J94)+(K94*ND),"") -> 800 | P94: {=_xlfn.IFS( OR(DAY(B94)=5, DAY(B94)=20), "Cut-off", OR(DAY(B94)=6, DAY(B94)=21), "Start", OR( DAY(B94)=15, DAY(B94)=30, AND(MONTH(B94)=2,DAY(B94)=DAY(EOMONTH(B94,0))) ), "Payday", TRUE, "" )} -> Cut-off
B95: 46163 | C95: May | D95: =_xlfn.XLOOKUP(B95,'Holidays 2026'!$A$2:$A$27,'Holidays 2026'!$G$2:$G$27,"Regular",0,1) -> Regular | E95: Worked | F95: =IF(OR(TEXT(B95,"dddd")="Saturday",TEXT(B95,"dddd")="Sunday"),"Yes","No") -> No | G95: {=_xlfn.IFS(OR(E95="Worked",E95="Approved Sick Leave",E95="Approved Vacation Leave",E95="Holiday"),8,E95="","",OR(E95="Absent",E95="Rest Day",E95="Sick Leave Without Pay",E95="Vacation Leave Without Pay"),0)} -> 8 | H95: 0 | I95: 0 | J95: 0 | K95: =IF(E95="Rest Day",0,"7") -> 7 | M95: {=_xlfn.IFS( OR(E95="Absent", E95="Sick Leave Without Pay", E95="Vacation Leave Without Pay", E95="Rest Day"), 0, OR(E95="Approved Sick Leave", E95="Approved Vacation Leave"), 1, D95="Regular Non-Working Holiday", IF(E95="Worked", IF(F95="Yes",2.6,2), 1), D95="Regular Working Holiday", IF(E95="Worked", IF(F95="Yes",2.6,2), 1), D95="Special Non-Working Holiday", IF(E95="Worked", IF(F95="Yes",1.5,1.3), 0), D95="Special Working Holiday", 1, D95="Regular", IF(F95="Yes", IF(E95="Worked",1.3,0), IF(E95="Worked",1,0) ) )} -> 1 | N95: {=_xlfn.IFS( F95="No", _xlfn.IFS( D95="Regular", 1.25, OR(D95="Special Working Holiday", D95="Special Non-Working Holiday"), 1.3*1.3, OR(D95="Regular Working Holiday", D95="Regular Non-Working Holiday"), 2*1.3 ), F95="Yes", _xlfn.IFS( D95="Regular", 1.3*1.3, OR(D95="Special Working Holiday", D95="Special Non-Working Holiday"), 1.5*1.3, OR(D95="Regular Working Holiday", D95="Regular Non-Working Holiday"), 2.6*1.3 ) )} -> 1.25 | O95: =IF(E95<>"",(G95*HPE*M95)+(N95*HPE*J95)+(K95*ND),"") -> 800 | P95: {=_xlfn.IFS( OR(DAY(B95)=5, DAY(B95)=20), "Cut-off", OR(DAY(B95)=6, DAY(B95)=21), "Start", OR( DAY(B95)=15, DAY(B95)=30, AND(MONTH(B95)=2,DAY(B95)=DAY(EOMONTH(B95,0))) ), "Payday", TRUE, "" )} -> Start
B96: 46164 | C96: May | D96: =_xlfn.XLOOKUP(B96,'Holidays 2026'!$A$2:$A$27,'Holidays 2026'!$G$2:$G$27,"Regular",0,1) -> Regular | E96: Worked | F96: =IF(OR(TEXT(B96,"dddd")="Saturday",TEXT(B96,"dddd")="Sunday"),"Yes","No") -> No | G96: {=_xlfn.IFS(OR(E96="Worked",E96="Approved Sick Leave",E96="Approved Vacation Leave",E96="Holiday"),8,E96="","",OR(E96="Absent",E96="Rest Day",E96="Sick Leave Without Pay",E96="Vacation Leave Without Pay"),0)} -> 8 | H96: 0 | I96: 0 | J96: 0 | K96: =IF(E96="Rest Day",0,"7") -> 7 | M96: {=_xlfn.IFS( OR(E96="Absent", E96="Sick Leave Without Pay", E96="Vacation Leave Without Pay", E96="Rest Day"), 0, OR(E96="Approved Sick Leave", E96="Approved Vacation Leave"), 1, D96="Regular Non-Working Holiday", IF(E96="Worked", IF(F96="Yes",2.6,2), 1), D96="Regular Working Holiday", IF(E96="Worked", IF(F96="Yes",2.6,2), 1), D96="Special Non-Working Holiday", IF(E96="Worked", IF(F96="Yes",1.5,1.3), 0), D96="Special Working Holiday", 1, D96="Regular", IF(F96="Yes", IF(E96="Worked",1.3,0), IF(E96="Worked",1,0) ) )} -> 1 | N96: {=_xlfn.IFS( F96="No", _xlfn.IFS( D96="Regular", 1.25, OR(D96="Special Working Holiday", D96="Special Non-Working Holiday"), 1.3*1.3, OR(D96="Regular Working Holiday", D96="Regular Non-Working Holiday"), 2*1.3 ), F96="Yes", _xlfn.IFS( D96="Regular", 1.3*1.3, OR(D96="Special Working Holiday", D96="Special Non-Working Holiday"), 1.5*1.3, OR(D96="Regular Working Holiday", D96="Regular Non-Working Holiday"), 2.6*1.3 ) )} -> 1.25 | O96: =IF(E96<>"",(G96*HPE*M96)+(N96*HPE*J96)+(K96*ND),"") -> 800 | P96: {=_xlfn.IFS( OR(DAY(B96)=5, DAY(B96)=20), "Cut-off", OR(DAY(B96)=6, DAY(B96)=21), "Start", OR( DAY(B96)=15, DAY(B96)=30, AND(MONTH(B96)=2,DAY(B96)=DAY(EOMONTH(B96,0))) ), "Payday", TRUE, "" )}
B97: 46165 | C97: May | D97: =_xlfn.XLOOKUP(B97,'Holidays 2026'!$A$2:$A$27,'Holidays 2026'!$G$2:$G$27,"Regular",0,1) -> Regular | E97: Rest Day | F97: =IF(OR(TEXT(B97,"dddd")="Saturday",TEXT(B97,"dddd")="Sunday"),"Yes","No") -> Yes | G97: {=_xlfn.IFS(OR(E97="Worked",E97="Approved Sick Leave",E97="Approved Vacation Leave",E97="Holiday"),8,E97="","",OR(E97="Absent",E97="Rest Day",E97="Sick Leave Without Pay",E97="Vacation Leave Without Pay"),0)} -> 0 | H97: 0 | I97: 0 | J97: 0 | K97: =IF(E97="Rest Day",0,"7") -> 0 | M97: {=_xlfn.IFS( OR(E97="Absent", E97="Sick Leave Without Pay", E97="Vacation Leave Without Pay", E97="Rest Day"), 0, OR(E97="Approved Sick Leave", E97="Approved Vacation Leave"), 1, D97="Regular Non-Working Holiday", IF(E97="Worked", IF(F97="Yes",2.6,2), 1), D97="Regular Working Holiday", IF(E97="Worked", IF(F97="Yes",2.6,2), 1), D97="Special Non-Working Holiday", IF(E97="Worked", IF(F97="Yes",1.5,1.3), 0), D97="Special Working Holiday", 1, D97="Regular", IF(F97="Yes", IF(E97="Worked",1.3,0), IF(E97="Worked",1,0) ) )} -> 0 | N97: {=_xlfn.IFS( F97="No", _xlfn.IFS( D97="Regular", 1.25, OR(D97="Special Working Holiday", D97="Special Non-Working Holiday"), 1.3*1.3, OR(D97="Regular Working Holiday", D97="Regular Non-Working Holiday"), 2*1.3 ), F97="Yes", _xlfn.IFS( D97="Regular", 1.3*1.3, OR(D97="Special Working Holiday", D97="Special Non-Working Holiday"), 1.5*1.3, OR(D97="Regular Working Holiday", D97="Regular Non-Working Holiday"), 2.6*1.3 ) )} -> 1.69 | O97: =IF(E97<>"",(G97*HPE*M97)+(N97*HPE*J97)+(K97*ND),"") -> 0 | P97: {=_xlfn.IFS( OR(DAY(B97)=5, DAY(B97)=20), "Cut-off", OR(DAY(B97)=6, DAY(B97)=21), "Start", OR( DAY(B97)=15, DAY(B97)=30, AND(MONTH(B97)=2,DAY(B97)=DAY(EOMONTH(B97,0))) ), "Payday", TRUE, "" )}
B98: 46166 | C98: May | D98: =_xlfn.XLOOKUP(B98,'Holidays 2026'!$A$2:$A$27,'Holidays 2026'!$G$2:$G$27,"Regular",0,1) -> Regular | E98: Rest Day | F98: =IF(OR(TEXT(B98,"dddd")="Saturday",TEXT(B98,"dddd")="Sunday"),"Yes","No") -> Yes | G98: {=_xlfn.IFS(OR(E98="Worked",E98="Approved Sick Leave",E98="Approved Vacation Leave",E98="Holiday"),8,E98="","",OR(E98="Absent",E98="Rest Day",E98="Sick Leave Without Pay",E98="Vacation Leave Without Pay"),0)} -> 0 | H98: 0 | I98: 0 | J98: 0 | K98: =IF(E98="Rest Day",0,"7") -> 0 | M98: {=_xlfn.IFS( OR(E98="Absent", E98="Sick Leave Without Pay", E98="Vacation Leave Without Pay", E98="Rest Day"), 0, OR(E98="Approved Sick Leave", E98="Approved Vacation Leave"), 1, D98="Regular Non-Working Holiday", IF(E98="Worked", IF(F98="Yes",2.6,2), 1), D98="Regular Working Holiday", IF(E98="Worked", IF(F98="Yes",2.6,2), 1), D98="Special Non-Working Holiday", IF(E98="Worked", IF(F98="Yes",1.5,1.3), 0), D98="Special Working Holiday", 1, D98="Regular", IF(F98="Yes", IF(E98="Worked",1.3,0), IF(E98="Worked",1,0) ) )} -> 0 | N98: {=_xlfn.IFS( F98="No", _xlfn.IFS( D98="Regular", 1.25, OR(D98="Special Working Holiday", D98="Special Non-Working Holiday"), 1.3*1.3, OR(D98="Regular Working Holiday", D98="Regular Non-Working Holiday"), 2*1.3 ), F98="Yes", _xlfn.IFS( D98="Regular", 1.3*1.3, OR(D98="Special Working Holiday", D98="Special Non-Working Holiday"), 1.5*1.3, OR(D98="Regular Working Holiday", D98="Regular Non-Working Holiday"), 2.6*1.3 ) )} -> 1.69 | O98: =IF(E98<>"",(G98*HPE*M98)+(N98*HPE*J98)+(K98*ND),"") -> 0 | P98: {=_xlfn.IFS( OR(DAY(B98)=5, DAY(B98)=20), "Cut-off", OR(DAY(B98)=6, DAY(B98)=21), "Start", OR( DAY(B98)=15, DAY(B98)=30, AND(MONTH(B98)=2,DAY(B98)=DAY(EOMONTH(B98,0))) ), "Payday", TRUE, "" )}
B99: 46167 | C99: May | D99: =_xlfn.XLOOKUP(B99,'Holidays 2026'!$A$2:$A$27,'Holidays 2026'!$G$2:$G$27,"Regular",0,1) -> Regular Non-Working Holiday | E99: Worked | F99: =IF(OR(TEXT(B99,"dddd")="Saturday",TEXT(B99,"dddd")="Sunday"),"Yes","No") -> No | G99: {=_xlfn.IFS(OR(E99="Worked",E99="Approved Sick Leave",E99="Approved Vacation Leave",E99="Holiday"),8,E99="","",OR(E99="Absent",E99="Rest Day",E99="Sick Leave Without Pay",E99="Vacation Leave Without Pay"),0)} -> 8 | H99: 0 | I99: 0 | J99: 0 | K99: =IF(E99="Rest Day",0,"7") -> 7 | M99: {=_xlfn.IFS( OR(E99="Absent", E99="Sick Leave Without Pay", E99="Vacation Leave Without Pay", E99="Rest Day"), 0, OR(E99="Approved Sick Leave", E99="Approved Vacation Leave"), 1, D99="Regular Non-Working Holiday", IF(E99="Worked", IF(F99="Yes",2.6,2), 1), D99="Regular Working Holiday", IF(E99="Worked", IF(F99="Yes",2.6,2), 1), D99="Special Non-Working Holiday", IF(E99="Worked", IF(F99="Yes",1.5,1.3), 0), D99="Special Working Holiday", 1, D99="Regular", IF(F99="Yes", IF(E99="Worked",1.3,0), IF(E99="Worked",1,0) ) )} -> 2 | N99: {=_xlfn.IFS( F99="No", _xlfn.IFS( D99="Regular", 1.25, OR(D99="Special Working Holiday", D99="Special Non-Working Holiday"), 1.3*1.3, OR(D99="Regular Working Holiday", D99="Regular Non-Working Holiday"), 2*1.3 ), F99="Yes", _xlfn.IFS( D99="Regular", 1.3*1.3, OR(D99="Special Working Holiday", D99="Special Non-Working Holiday"), 1.5*1.3, OR(D99="Regular Working Holiday", D99="Regular Non-Working Holiday"), 2.6*1.3 ) )} -> 2.6 | O99: =IF(E99<>"",(G99*HPE*M99)+(N99*HPE*J99)+(K99*ND),"") -> 1535.6322 | P99: {=_xlfn.IFS( OR(DAY(B99)=5, DAY(B99)=20), "Cut-off", OR(DAY(B99)=6, DAY(B99)=21), "Start", OR( DAY(B99)=15, DAY(B99)=30, AND(MONTH(B99)=2,DAY(B99)=DAY(EOMONTH(B99,0))) ), "Payday", TRUE, "" )}
B100: 46168 | C100: May | D100: =_xlfn.XLOOKUP(B100,'Holidays 2026'!$A$2:$A$27,'Holidays 2026'!$G$2:$G$27,"Regular",0,1) -> Regular | E100: Worked | F100: =IF(OR(TEXT(B100,"dddd")="Saturday",TEXT(B100,"dddd")="Sunday"),"Yes","No") -> No | G100: {=_xlfn.IFS(OR(E100="Worked",E100="Approved Sick Leave",E100="Approved Vacation Leave",E100="Holiday"),8,E100="","",OR(E100="Absent",E100="Rest Day",E100="Sick Leave Without Pay",E100="Vacation Leave Without Pay"),0)} -> 8 | H100: 0 | I100: 0 | J100: 0 | K100: =IF(E100="Rest Day",0,"7") -> 7 | M100: {=_xlfn.IFS( OR(E100="Absent", E100="Sick Leave Without Pay", E100="Vacation Leave Without Pay", E100="Rest Day"), 0, OR(E100="Approved Sick Leave", E100="Approved Vacation Leave"), 1, D100="Regular Non-Working Holiday", IF(E100="Worked", IF(F100="Yes",2.6,2), 1), D100="Regular Working Holiday", IF(E100="Worked", IF(F100="Yes",2.6,2), 1), D100="Special Non-Working Holiday", IF(E100="Worked", IF(F100="Yes",1.5,1.3), 0), D100="Special Working Holiday", 1, D100="Regular", IF(F100="Yes", IF(E100="Worked",1.3,0), IF(E100="Worked",1,0) ) )} -> 1 | N100: {=_xlfn.IFS( F100="No", _xlfn.IFS( D100="Regular", 1.25, OR(D100="Special Working Holiday", D100="Special Non-Working Holiday"), 1.3*1.3, OR(D100="Regular Working Holiday", D100="Regular Non-Working Holiday"), 2*1.3 ), F100="Yes", _xlfn.IFS( D100="Regular", 1.3*1.3, OR(D100="Special Working Holiday", D100="Special Non-Working Holiday"), 1.5*1.3, OR(D100="Regular Working Holiday", D100="Regular Non-Working Holiday"), 2.6*1.3 ) )} -> 1.25 | O100: =IF(E100<>"",(G100*HPE*M100)+(N100*HPE*J100)+(K100*ND),"") -> 800 | P100: {=_xlfn.IFS( OR(DAY(B100)=5, DAY(B100)=20), "Cut-off", OR(DAY(B100)=6, DAY(B100)=21), "Start", OR( DAY(B100)=15, DAY(B100)=30, AND(MONTH(B100)=2,DAY(B100)=DAY(EOMONTH(B100,0))) ), "Payday", TRUE, "" )}
B101: 46169 | C101: May | D101: =_xlfn.XLOOKUP(B101,'Holidays 2026'!$A$2:$A$27,'Holidays 2026'!$G$2:$G$27,"Regular",0,1) -> Regular Working Holiday | E101: Worked | F101: =IF(OR(TEXT(B101,"dddd")="Saturday",TEXT(B101,"dddd")="Sunday"),"Yes","No") -> No | G101: {=_xlfn.IFS(OR(E101="Worked",E101="Approved Sick Leave",E101="Approved Vacation Leave",E101="Holiday"),8,E101="","",OR(E101="Absent",E101="Rest Day",E101="Sick Leave Without Pay",E101="Vacation Leave Without Pay"),0)} -> 8 | H101: 0 | I101: 0 | J101: 0 | K101: =IF(E101="Rest Day",0,"7") -> 7 | M101: {=_xlfn.IFS( OR(E101="Absent", E101="Sick Leave Without Pay", E101="Vacation Leave Without Pay", E101="Rest Day"), 0, OR(E101="Approved Sick Leave", E101="Approved Vacation Leave"), 1, D101="Regular Non-Working Holiday", IF(E101="Worked", IF(F101="Yes",2.6,2), 1), D101="Regular Working Holiday", IF(E101="Worked", IF(F101="Yes",2.6,2), 1), D101="Special Non-Working Holiday", IF(E101="Worked", IF(F101="Yes",1.5,1.3), 0), D101="Special Working Holiday", 1, D101="Regular", IF(F101="Yes", IF(E101="Worked",1.3,0), IF(E101="Worked",1,0) ) )} -> 2 | N101: {=_xlfn.IFS( F101="No", _xlfn.IFS( D101="Regular", 1.25, OR(D101="Special Working Holiday", D101="Special Non-Working Holiday"), 1.3*1.3, OR(D101="Regular Working Holiday", D101="Regular Non-Working Holiday"), 2*1.3 ), F101="Yes", _xlfn.IFS( D101="Regular", 1.3*1.3, OR(D101="Special Working Holiday", D101="Special Non-Working Holiday"), 1.5*1.3, OR(D101="Regular Working Holiday", D101="Regular Non-Working Holiday"), 2.6*1.3 ) )} -> 2.6 | O101: =IF(E101<>"",(G101*HPE*M101)+(N101*HPE*J101)+(K101*ND),"") -> 1535.6322 | P101: {=_xlfn.IFS( OR(DAY(B101)=5, DAY(B101)=20), "Cut-off", OR(DAY(B101)=6, DAY(B101)=21), "Start", OR( DAY(B101)=15, DAY(B101)=30, AND(MONTH(B101)=2,DAY(B101)=DAY(EOMONTH(B101,0))) ), "Payday", TRUE, "" )}
... B103: 46171 | C103: May | D103: =_xlfn.XLOOKUP(B103,'Holidays 2026'!$A$2:$A$27,'Holidays 2026'!$G$2:$G$27,"Regular",0,1) -> Regular | E103: Worked | F103: =IF(OR(TEXT(B103,"dddd")="Saturday",TEXT(B103,"dddd")="Sunday"),"Yes","No") -> No | G103: {=_xlfn.IFS(OR(E103="Worked",E103="Approved Sick Leave",E103="Approved Vacation Leave",E103="Holiday"),8,E103="","",OR(E103="Absent",E103="Rest Day",E103="Sick Leave Without Pay",E103="Vacation Leave Without Pay"),0)} -> 8 | H103: 0 | I103: 0 | J103: 0 | K103: =IF(E103="Rest Day",0,"7") -> 7 | M103: {=_xlfn.IFS( OR(E103="Absent", E103="Sick Leave Without Pay", E103="Vacation Leave Without Pay", E103="Rest Day"), 0, OR(E103="Approved Sick Leave", E103="Approved Vacation Leave"), 1, D103="Regular Non-Working Holiday", IF(E103="Worked", IF(F103="Yes",2.6,2), 1), D103="Regular Working Holiday", IF(E103="Worked", IF(F103="Yes",2.6,2), 1), D103="Special Non-Working Holiday", IF(E103="Worked", IF(F103="Yes",1.5,1.3), 0), D103="Special Working Holiday", 1, D103="Regular", IF(F103="Yes", IF(E103="Worked",1.3,0), IF(E103="Worked",1,0) ) )} -> 1 | N103: {=_xlfn.IFS( F103="No", _xlfn.IFS( D103="Regular", 1.25, OR(D103="Special Working Holiday", D103="Special Non-Working Holiday"), 1.3*1.3, OR(D103="Regular Working Holiday", D103="Regular Non-Working Holiday"), 2*1.3 ), F103="Yes", _xlfn.IFS( D103="Regular", 1.3*1.3, OR(D103="Special Working Holiday", D103="Special Non-Working Holiday"), 1.5*1.3, OR(D103="Regular Working Holiday", D103="Regular Non-Working Holiday"), 2.6*1.3 ) )} -> 1.25 | O103: =IF(E103<>"",(G103*HPE*M103)+(N103*HPE*J103)+(K103*ND),"") -> 800 | P103: {=_xlfn.IFS( OR(DAY(B103)=5, DAY(B103)=20), "Cut-off", OR(DAY(B103)=6, DAY(B103)=21), "Start", OR( DAY(B103)=15, DAY(B103)=30, AND(MONTH(B103)=2,DAY(B103)=DAY(EOMONTH(B103,0))) ), "Payday", TRUE, "" )}
...

Sheet Calculator
B2: How Much is Your Monthly Salary? | C2: 16000 | E2: Daily Basic Rate: | F2: =$C$2/21.75 -> 735.63218 | H2: Hourly Premium Equivalent: | I2: =DBR/8 -> 91.954023 | K2: Night Differential: | L2: =C3*HPE -> 9.1954023
B3: How Much is Your Night Differential? | C3: 0.1

Sheet Validation
B1: Month | C1: Year | D1: Day Status | E1: Atendance Status
B2: January | C2: 2000 | D2: Regular | E2: Worked | F2: Yes
B3: February | C3: 2001 | D3: Regular Non-Working Holiday | E3: Absent | F3: No
B4: March | C4: 2002 | D4: Special Non-Working Holiday | E4: Rest Day
B5: April | C5: 2003 | D5: Regular Working Holiday | E5: Approved Sick Leave
B6: May | C6: 2004 | D6: Special Working Holiday | E6: Approved Vacation Leave
B7: June | C7: 2005 | D7: Leave | E7: Sick Leave Without Pay
B8: July | C8: 2006 | D8: Absent | E8: Vacation Leave Without Pay
B9: August | C9: 2007 | E9: Holiday
B10: September | C10: 2008
B11: October | C11: 2009
B12: November | C12: 2010
B13: December | C13: 2011
C14: 2012
C15: 2013
C16: 2014
C17: 2015
C18: 2016
C19: 2017
C20: 2018
C21: 2019
C22: 2020
C23: 2021
C24: 2022
C25: 2023
... C101: 2099

Sheet Calendar
B2: Year | D2: Month | P2: Regular Non-Working Holiday
B3: 2026 | D3: April | H3: CALENDAR | P3: Special Non-Working Holiday
B4: =MATCH(D3,Validation!B2:B13,0) -> 4 | P4: Regular Working Holiday
P5: Special Working Holiday
F7: Sunday | G7: Monday | H7: Tuesday | I7: Wednesday | J7: Thursday | K7: Friday | L7: Saturday
F8: =DATE($B$3,$B$4,1)-WEEKDAY(DATE($B$3,$B$4,1),1)+1 -> 46110 | G8: =F8+1 -> 46111 | H8: =G8+1 -> 46112 | I8: =H8+1 -> 46113 | J8: =I8+1 -> 46114 | K8: =J8+1 -> 46115 | L8: =K8+1 -> 46116
F9: =_xlfn.XLOOKUP(F8,'Holidays 2026'!$A$2:$A$27,'Holidays 2026'!$C$2:$C$27,"") | G9: =_xlfn.XLOOKUP(G8,'Holidays 2026'!$A$2:$A$27,'Holidays 2026'!$C$2:$C$27,"") | H9: =_xlfn.XLOOKUP(H8,'Holidays 2026'!$A$2:$A$27,'Holidays 2026'!$C$2:$C$27,"") | I9: =_xlfn.XLOOKUP(I8,'Holidays 2026'!$A$2:$A$27,'Holidays 2026'!$C$2:$C$27,"") | J9: =_xlfn.XLOOKUP(J8,'Holidays 2026'!$A$2:$A$27,'Holidays 2026'!$C$2:$C$27,"") -> Maundy Thursday | K9: =_xlfn.XLOOKUP(K8,'Holidays 2026'!$A$2:$A$27,'Holidays 2026'!$C$2:$C$27,"") -> Good Friday | L9: =_xlfn.XLOOKUP(L8,'Holidays 2026'!$A$2:$A$27,'Holidays 2026'!$C$2:$C$27,"") -> Black Saturday
F10: =L8+1 -> 46117 | G10: =F10+1 -> 46118 | H10: =G10+1 -> 46119 | I10: =H10+1 -> 46120 | J10: =I10+1 -> 46121 | K10: =J10+1 -> 46122 | L10: =K10+1 -> 46123
F11: =_xlfn.XLOOKUP(F10,'Holidays 2026'!$A$2:$A$27,'Holidays 2026'!$C$2:$C$27,"") | G11: =_xlfn.XLOOKUP(G10,'Holidays 2026'!$A$2:$A$27,'Holidays 2026'!$C$2:$C$27,"") | H11: =_xlfn.XLOOKUP(H10,'Holidays 2026'!$A$2:$A$27,'Holidays 2026'!$C$2:$C$27,"") | I11: =_xlfn.XLOOKUP(I10,'Holidays 2026'!$A$2:$A$27,'Holidays 2026'!$C$2:$C$27,"") | J11: =_xlfn.XLOOKUP(J10,'Holidays 2026'!$A$2:$A$27,'Holidays 2026'!$C$2:$C$27,"") -> Valor Day | K11: =_xlfn.XLOOKUP(K10,'Holidays 2026'!$A$2:$A$27,'Holidays 2026'!$C$2:$C$27,"") | L11: =_xlfn.XLOOKUP(L10,'Holidays 2026'!$A$2:$A$27,'Holidays 2026'!$C$2:$C$27,"")
F12: =L10+1 -> 46124 | G12: =F12+1 -> 46125 | H12: =G12+1 -> 46126 | I12: =H12+1 -> 46127 | J12: =I12+1 -> 46128 | K12: =J12+1 -> 46129 | L12: =K12+1 -> 46130
F13: =_xlfn.XLOOKUP(F12,'Holidays 2026'!$A$2:$A$27,'Holidays 2026'!$C$2:$C$27,"") | G13: =_xlfn.XLOOKUP(G12,'Holidays 2026'!$A$2:$A$27,'Holidays 2026'!$C$2:$C$27,"") | H13: =_xlfn.XLOOKUP(H12,'Holidays 2026'!$A$2:$A$27,'Holidays 2026'!$C$2:$C$27,"") | I13: =_xlfn.XLOOKUP(I12,'Holidays 2026'!$A$2:$A$27,'Holidays 2026'!$C$2:$C$27,"") | J13: =_xlfn.XLOOKUP(J12,'Holidays 2026'!$A$2:$A$27,'Holidays 2026'!$C$2:$C$27,"") | K13: =_xlfn.XLOOKUP(K12,'Holidays 2026'!$A$2:$A$27,'Holidays 2026'!$C$2:$C$27,"") | L13: =_xlfn.XLOOKUP(L12,'Holidays 2026'!$A$2:$A$27,'Holidays 2026'!$C$2:$C$27,"")
F14: =L12+1 -> 46131 | G14: =F14+1 -> 46132 | H14: =G14+1 -> 46133 | I14: =H14+1 -> 46134 | J14: =I14+1 -> 46135 | K14: =J14+1 -> 46136 | L14: =K14+1 -> 46137
F15: =_xlfn.XLOOKUP(F14,'Holidays 2026'!$A$2:$A$27,'Holidays 2026'!$C$2:$C$27,"") | G15: =_xlfn.XLOOKUP(G14,'Holidays 2026'!$A$2:$A$27,'Holidays 2026'!$C$2:$C$27,"") | H15: =_xlfn.XLOOKUP(H14,'Holidays 2026'!$A$2:$A$27,'Holidays 2026'!$C$2:$C$27,"") | I15: =_xlfn.XLOOKUP(I14,'Holidays 2026'!$A$2:$A$27,'Holidays 2026'!$C$2:$C$27,"") | J15: =_xlfn.XLOOKUP(J14,'Holidays 2026'!$A$2:$A$27,'Holidays 2026'!$C$2:$C$27,"") | K15: =_xlfn.XLOOKUP(K14,'Holidays 2026'!$A$2:$A$27,'Holidays 2026'!$C$2:$C$27,"") | L15: =_xlfn.XLOOKUP(L14,'Holidays 2026'!$A$2:$A$27,'Holidays 2026'!$C$2:$C$27,"")
F16: =L14+1 -> 46138 | G16: =F16+1 -> 46139 | H16: =G16+1 -> 46140 | I16: =H16+1 -> 46141 | J16: =I16+1 -> 46142 | K16: =J16+1 -> 46143 | L16: =K16+1 -> 46144
F17: =_xlfn.XLOOKUP(F16,'Holidays 2026'!$A$2:$A$27,'Holidays 2026'!$C$2:$C$27,"") | G17: =_xlfn.XLOOKUP(G16,'Holidays 2026'!$A$2:$A$27,'Holidays 2026'!$C$2:$C$27,"") | H17: =_xlfn.XLOOKUP(H16,'Holidays 2026'!$A$2:$A$27,'Holidays 2026'!$C$2:$C$27,"") | I17: =_xlfn.XLOOKUP(I16,'Holidays 2026'!$A$2:$A$27,'Holidays 2026'!$C$2:$C$27,"") | J17: =_xlfn.XLOOKUP(J16,'Holidays 2026'!$A$2:$A$27,'Holidays 2026'!$C$2:$C$27,"") | K17: =_xlfn.XLOOKUP(K16,'Holidays 2026'!$A$2:$A$27,'Holidays 2026'!$C$2:$C$27,"") -> Labor Day | L17: =_xlfn.XLOOKUP(L16,'Holidays 2026'!$A$2:$A$27,'Holidays 2026'!$C$2:$C$27,"")
F18: =L16+1 -> 46145 | G18: =F18+1 -> 46146 | H18: =G18+1 -> 46147 | I18: =H18+1 -> 46148 | J18: =I18+1 -> 46149 | K18: =J18+1 -> 46150 | L18: =K18+1 -> 46151
F19: =_xlfn.XLOOKUP(F18,'Holidays 2026'!$A$2:$A$27,'Holidays 2026'!$C$2:$C$27,"") | G19: =_xlfn.XLOOKUP(G18,'Holidays 2026'!$A$2:$A$27,'Holidays 2026'!$C$2:$C$27,"") | H19: =_xlfn.XLOOKUP(H18,'Holidays 2026'!$A$2:$A$27,'Holidays 2026'!$C$2:$C$27,"") | I19: =_xlfn.XLOOKUP(I18,'Holidays 2026'!$A$2:$A$27,'Holidays 2026'!$C$2:$C$27,"") | J19: =_xlfn.XLOOKUP(J18,'Holidays 2026'!$A$2:$A$27,'Holidays 2026'!$C$2:$C$27,"") | K19: =_xlfn.XLOOKUP(K18,'Holidays 2026'!$A$2:$A$27,'Holidays 2026'!$C$2:$C$27,"") | L19: =_xlfn.XLOOKUP(L18,'Holidays 2026'!$A$2:$A$27,'Holidays 2026'!$C$2:$C$27,"")

Sheet Calendaryo
A1: Year | B1: Month
A2: 2026 | B2: January
A3: 2027 | B3: February
A4: 2028 | B4: March
A5: 2029 | B5: April
A6: 2030 | B6: May
A7: 2031 | B7: June
A8: 2032 | B8: July
A9: 2033 | B9: August
A10: 2034 | B10: September
A11: 2035 | B11: October
A12: 2036 | B12: November
A13: 2037 | B13: December

Sheet Holidays 2026
A1: Date | B1: Day | C1: Holiday Name | D1: Country | E1: Type | F1: Working or Non-Working | G1: Day Status
A2: 46023 | B2: =TEXT(A2,"dddd") -> Thursday | C2: New Year's Day | D2: Philippine Holiday | E2: Regular | F2: Non-Working | G2: =IF(E2="NA","Regular "&F2&" Holiday",E2&" "&F2&" Holiday") -> Regular Non-Working Holiday
A3: 46069 | B3: =TEXT(A3,"dddd") -> Monday | C3: President's Day | D3: US Holiday | E3: NA | F3: Non-Working | G3: =IF(E3="NA","Regular "&F3&" Holiday",E3&" "&F3&" Holiday") -> Regular Non-Working Holiday
A4: 46114 | B4: =TEXT(A4,"dddd") -> Thursday | C4: Maundy Thursday | D4: Philippine Holiday | E4: Regular | F4: Non-Working | G4: =IF(E4="NA","Regular "&F4&" Holiday",E4&" "&F4&" Holiday") -> Regular Non-Working Holiday
A5: 46115 | B5: =TEXT(A5,"dddd") -> Friday | C5: Good Friday | D5: Philippine Holiday | E5: Regular | F5: Non-Working | G5: =IF(E5="NA","Regular "&F5&" Holiday",E5&" "&F5&" Holiday") -> Regular Non-Working Holiday
A6: 46167 | B6: =TEXT(A6,"dddd") -> Monday | C6: Memorial Day | D6: US Holiday | E6: NA | F6: Non-Working | G6: =IF(E6="NA","Regular "&F6&" Holiday",E6&" "&F6&" Holiday") -> Regular Non-Working Holiday
A7: 46192 | B7: =TEXT(A7,"dddd") -> Friday | C7: Juneteenth | D7: US Holiday | E7: NA | F7: Non-Working | G7: =IF(E7="NA","Regular "&F7&" Holiday",E7&" "&F7&" Holiday") -> Regular Non-Working Holiday
A8: 46206 | B8: =TEXT(A8,"dddd") -> Friday | C8: Independence Day | D8: US Holiday | E8: NA | F8: Non-Working | G8: =IF(E8="NA","Regular "&F8&" Holiday",E8&" "&F8&" Holiday") -> Regular Non-Working Holiday
A9: 46265 | B9: =TEXT(A9,"dddd") -> Monday | C9: National Heroes Day | D9: Philippine Holiday | E9: Regular | F9: Non-Working | G9: =IF(E9="NA","Regular "&F9&" Holiday",E9&" "&F9&" Holiday") -> Regular Non-Working Holiday
A10: 46272 | B10: =TEXT(A10,"dddd") -> Monday | C10: Labor Day | D10: US Holiday | E10: NA | F10: Non-Working | G10: =IF(E10="NA","Regular "&F10&" Holiday",E10&" "&F10&" Holiday") -> Regular Non-Working Holiday
A11: 46328 | B11: =TEXT(A11,"dddd") -> Monday | C11: All Soul's Day | D11: Philippine Holiday | E11: Special | F11: Non-Working | G11: =IF(E11="NA","Regular "&F11&" Holiday",E11&" "&F11&" Holiday") -> Special Non-Working Holiday
A12: 46381 | B12: =TEXT(A12,"dddd") -> Friday | C12: Christmas Day | D12: Philippine Holiday | E12: Regular | F12: Non-Working | G12: =IF(E12="NA","Regular "&F12&" Holiday",E12&" "&F12&" Holiday") -> Regular Non-Working Holiday
A13: 46387 | B13: =TEXT(A13,"dddd") -> Thursday | C13: New Year's Eve | D13: Philippine Holiday | E13: Special | F13: Non-Working | G13: =IF(E13="NA","Regular "&F13&" Holiday",E13&" "&F13&" Holiday") -> Special Non-Working Holiday
... A27: 46386 | B27: =TEXT(A27,"dddd") -> Wednesday | C27: Rizal Day | D27: Philippine Holiday | E27: Regular | F27: Working | G27: =IF(E27="NA","Regular "&F27&" Holiday",E27&" "&F27&" Holiday") -> Regular Working Holiday
